,COD,REFRESH,LAT,LON,CODIGOLINHA,ADAPT,TIPO_VEIC,TABELA,SITUACAO,SITUACAO2,SENT,TCOUNT
JI009,JI009,17:17,-25.505943,-49.340241,826,1,1,2,NO HORÁRIO,REALIZANDO ROTA,IDA,1
JI004,JI004,17:14,-25.483301,-49.347653,826,1,1,4,NO HORÁRIO,REALIZANDO ROTA,VOLTA,1
HI035,HI035,17:15,-25.451745,-49.36188,826,1,1,1,ATRASADO,REALIZANDO ROTA,IDA,1
HE715,HE715,17:16,-25.485186,-49.26672,550,0,5,3,NO HORÁRIO,REALIZANDO ROTA,IDA,1
GE726,GE726,17:17,-25.440898,-49.26713,550,0,5,2,NO HORÁRIO,REALIZANDO ROTA,IDA,1
HE720,HE720,17:14,-25.441488,-49.266846,550,0,5,1,NO HORÁRIO,REALIZANDO ROTA,VOLTA,1
GE729,GE729,17:17,-25.509301,-49.286195,550,0,5,4,NO HORÁRIO,REALIZANDO ROTA,VOLTA,1
GE713,GE713,17:17,-25.55001,-49.290938,REC,0,5,,,,,1
GI033,GI033,17:17,-25.540625,-49.249168,541,1,1,2,NO HORÁRIO,REALIZANDO ROTA,IDA,1
GI031,GI031,17:17,-25.535318,-49.269965,541,1,1,1,NO HORÁRIO,REALIZANDO ROTA,VOLTA,1
GI021,GI021,17:14,-25.541818,-49.273393,683,1,1,1,NO HORÁRIO,REALIZANDO ROTA,VOLTA,1
BI881,BI881,17:17,-25.433033,-49.259116,385,1,7,1,NO HORÁRIO,REALIZANDO ROTA,IDA,1
JI016,JI016,17:17,-25.487506,-49.349093,658,1,1,1,NO HORÁRIO,REALIZANDO ROTA,VOLTA,1
HI048,HI048,17:17,-25.489028,-49.349085,658,1,1,4,ATRASADO,REALIZANDO ROTA,IDA,1
HI039,HI039,17:17,-25.49469,-49.310065,658,1,1,5,NO HORÁRIO,REALIZANDO ROTA,VOLTA,1
HI015,HI015,17:17,-25.594601,-49.34076,685,1,1,3,NO HORÁRIO,REALIZANDO ROTA,VOLTA,1
HI042,HI042,17:17,-25.534498,-49.31681,685,1,1,2,ATRASADO,REALIZANDO ROTA,IDA,1
JI023,JI023,17:17,-25.448788,-49.295618,860,1,1,2,NO HORÁRIO,REALIZANDO ROTA,VOLTA,1
JI010,JI010,17:17,-25.45745,-49.347293,860,1,1,1,ATRASADO,REALIZANDO ROTA,IDA,1
JI862,JI862,17:17,-25.438801,-49.270033,777,1,7,1,NO HORÁRIO,REALIZANDO ROTA,VOLTA,1
JI866,JI866,17:17,-25.462176,-49.332688,777,1,7,2,NO HORÁRIO,REALIZANDO ROTA,IDA,1
HI014,HI014,17:17,-25.481435,-49.32291,828,1,1,3,NO HORÁRIO,REALIZANDO ROTA,IDA,1
HI006,HI006,17:17,-25.477743,-49.328296,828,1,1,2,NO HORÁRIO,REALIZANDO ROTA,VOLTA,1
JI017,JI017,17:17,-25.441586,-49.346785,828,1,1,1,ADIANTADO,REALIZANDO ROTA,VOLTA,1
HB301,HB301,17:17,-25.477321,-49.35018,060,1,3,1,NO HORÁRIO,REALIZANDO ROTA,VOLTA,1
HB300,HB300,17:17,-25.539088,-49.31261,060,1,3,2,ADIANTADO,REALIZANDO ROTA,IDA,1
BI851,BI851,17:17,-25.419238,-49.287708,168,1,7,1,NO HORÁRIO,REALIZANDO ROTA,VOLTA,1
BI877,BI877,17:17,-25.383238,-49.310953,168,1,7,2,NO HORÁRIO,REALIZANDO ROTA,IDA,1
JI001,JI001,17:10,-25.468931,-49.305448,611,1,1,1,NO HORÁRIO,REALIZANDO ROTA,VOLTA,1
JI022,JI022,17:16,-25.47567,-49.292008,611,1,1,2,ATRASADO,REALIZANDO ROTA,IDA,1
GI859,GI859,17:15,-25.41882,-49.299786,464,1,7,1,ADIANTADO,REALIZANDO ROTA,VOLTA,1
GE604,GE604,17:17,-25.513935,-49.231396,503,0,4,6,ATRASADO,REALIZANDO ROTA,IDA,1
KE702,KE702,17:17,-25.507043,-49.23482,503,0,5,1,ADIANTADO,REALIZANDO ROTA,VOLTA,1
GE603,GE603,17:17,-25.480901,-49.247601,503,0,4,5,ADIANTADO,REALIZANDO ROTA,IDA,1
KE708,KE708,17:17,-25.447356,-49.26393,503,0,5,4,ADIANTADO,REALIZANDO ROTA,IDA,1
GE614,GE614,17:17,-25.463201,-49.256286,503,0,4,2,NO HORÁRIO,REALIZANDO ROTA,VOLTA,1
GE613,GE613,17:17,-25.433898,-49.270238,503,0,4,3,ATRASADO,REALIZANDO ROTA,VOLTA,1
BI894,BI894,17:17,-25.401571,-49.329438,817,1,7,1,NO HORÁRIO,REALIZANDO ROTA,IDA,1
MI851,MI851,17:15,-25.436045,-49.307578,817,1,7,2,NO HORÁRIO,REALIZANDO ROTA,IDA,1
PC292,PC292,17:17,-25.438801,-49.250611,461,1,1,1,NO HORÁRIO,TIPO INCOMPATIVEL,IDA,1
PC949,PC949,17:17,-25.462701,-49.23255,477,1,7,1,NO HORÁRIO,REALIZANDO ROTA,IDA,1
HI008,HI008,17:17,-25.590801,-49.319963,659,1,1,2,ADIANTADO,REALIZANDO ROTA,VOLTA,1
HI046,HI046,17:14,-25.582988,-49.317715,659,1,1,1,NO HORÁRIO,REALIZANDO ROTA,IDA,1
HI041,HI041,17:17,-25.500861,-49.32265,654,1,1,1,ATRASADO,REALIZANDO ROTA,IDA,1
HI022,HI022,17:17,-25.520141,-49.306166,623,1,1,1,NO HORÁRIO,REALIZANDO ROTA,VOLTA,1
HI047,HI047,17:13,-25.497538,-49.30355,623,1,1,2,NO HORÁRIO,REALIZANDO ROTA,IDA,1
MI853,MI853,17:17,-25.42205,-49.274573,150,1,7,1,ATRASADO,REALIZANDO ROTA,IDA,1
PI003,PI003,17:17,-25.450011,-49.228578,462,1,1,1,NO HORÁRIO,REALIZANDO ROTA,VOLTA,1
PI004,PI004,17:15,-25.445116,-49.232325,462,1,1,2,NO HORÁRIO,REALIZANDO ROTA,VOLTA,1
GI018,GI018,17:17,-25.55088,-49.281726,642,1,1,1,NO HORÁRIO,REALIZANDO ROTA,IDA,1
BI855,BI855,17:17,-25.4341,-49.298278,875,1,7,1,ATRASADO,REALIZANDO ROTA,IDA,1
MN611,MN611,17:13,-25.40157,-49.311436,972,1,7,2,NO HORÁRIO,REALIZANDO ROTA,IDA,1
MN603,MN603,17:12,-25.40116,-49.330073,958,1,7,1,ATRASADO,REALIZANDO ROTA,VOLTA,1
MN607,MN607,17:17,-25.414408,-49.308555,972,1,7,1,NO HORÁRIO,REALIZANDO ROTA,VOLTA,1
BI883,BI883,17:17,-25.428303,-49.272296,171,1,7,1,NO HORÁRIO,REALIZANDO ROTA,IDA,1
JI006,JI006,17:15,-25.457286,-49.32534,778,1,1,1,ATRASADO,REALIZANDO ROTA,VOLTA,1
HL349,HL349,17:17,-25.40675,-49.252158,210,0,3,3,ATRASADO,REALIZANDO ROTA,IDA,1
HL350,HL350,17:17,-25.433531,-49.277298,210,0,3,2,NO HORÁRIO,REALIZANDO ROTA,IDA,1
HL348,HL348,17:16,-25.476311,-49.292626,210,0,3,1,ADIANTADO,REALIZANDO ROTA,VOLTA,1
HL344,HL344,17:14,-25.504663,-49.318203,210,1,3,4,NO HORÁRIO,REALIZANDO ROTA,IDA,1
JI948,JI948,17:17,-25.449048,-49.365556,REC,1,7,,,,,1
JI856,JI856,17:16,-25.438181,-49.27876,862,1,7,1,ATRASADO,REALIZANDO ROTA,VOLTA,1
JI604,JI604,17:17,-25.476443,-49.292341,050,1,4,3,ATRASADO,REALIZANDO ROTA,IDA,1
KB603,KB603,17:17,-25.451298,-49.215025,050,1,4,1,ADIANTADO,REALIZANDO ROTA,IDA,1
EI600,EI600,17:17,-25.475346,-49.289576,050,1,4,2,NO HORÁRIO,REALIZANDO ROTA,VOLTA,1
KB604,KB604,17:17,-25.483336,-49.238711,REC,1,4,,,,,1
EA011,EA011,17:17,-25.4684,-49.255413,513,1,1,1,NO HORÁRIO,REALIZANDO ROTA,IDA,1
EI018,EI018,17:17,-25.514975,-49.23348,513,1,1,1,NO HORÁRIO,REALIZANDO ROTA,VOLTA,1
EA027,EA027,17:17,-25.468426,-49.25527,REC,1,1,,,,,1
GI055,GI055,17:17,-25.523376,-49.243348,531,1,1,1,ATRASADO,REALIZANDO ROTA,VOLTA,1
JI857,JI857,17:16,-25.443141,-49.270331,762,1,7,1,NO HORÁRIO,REALIZANDO ROTA,IDA,1
PI301,PI301,17:17,-25.496078,-49.282641,629,1,3,1,ATRASADO,TIPO INCOMPATIVEL,VOLTA,1
PI303,PI303,17:14,-25.510545,-49.26148,629,1,3,2,NO HORÁRIO,TIPO INCOMPATIVEL,IDA,1
BI301,BI301,17:17,-25.428523,-49.27082,205,1,3,3,NO HORÁRIO,REALIZANDO ROTA,VOLTA,1
BC304,BC304,17:14,-25.392116,-49.260916,205,1,3,2,NÃO CONFORMIDADE,INDETERMINADA,IDA,1
BC306,BC306,17:17,-25.41781,-49.265166,205,1,3,1,NO HORÁRIO,REALIZANDO ROTA,IDA,1
JI949,JI949,17:17,-25.462375,-49.347816,861,1,7,1,NO HORÁRIO,REALIZANDO ROTA,IDA,1
HA312,HA312,17:14,-25.447488,-49.24999,216,1,3,4,NO HORÁRIO,REALIZANDO ROTA,VOLTA,1
HA311,HA311,17:17,-25.406973,-49.252396,216,1,3,2,ADIANTADO,REALIZANDO ROTA,VOLTA,1
PI300,PI300,17:15,-25.43807,-49.237456,216,1,3,3,NO HORÁRIO,REALIZANDO ROTA,VOLTA,1
BI608,BI608,17:17,-25.455193,-49.26724,216,1,4,1,ATRASADO,TIPO INCOMPATIVEL,IDA,1
GC949,GC949,17:17,-25.426865,-49.264095,466,1,7,1,NO HORÁRIO,REALIZANDO ROTA,IDA,1
BI854,BI854,17:14,-25.45303,-49.271245,160,1,7,2,NO HORÁRIO,REALIZANDO ROTA,IDA,1
BI852,BI852,17:15,-25.408601,-49.291908,166,1,7,2,ATRASADO,FORA DA ROTA,VOLTA,1
GI010,GI010,17:17,-25.480745,-49.197378,463,1,1,1,NO HORÁRIO,REALIZANDO ROTA,VOLTA,1
GC948,GC948,17:17,-25.432791,-49.270273,463,1,7,2,ADIANTADO,REALIZANDO ROTA,IDA,1
GL345,GL345,17:17,-25.44273,-49.26827,506,0,3,4,NO HORÁRIO,REALIZANDO ROTA,VOLTA,1
GL347,GL347,17:17,-25.496953,-49.276361,506,0,3,6,NO HORÁRIO,REALIZANDO ROTA,IDA,1
EL318,EL318,17:11,-25.54211,-49.270891,506,1,3,1,ATRASADO,REALIZANDO ROTA,VOLTA,1
GL340,GL340,17:15,-25.527813,-49.269091,506,0,3,3,NO HORÁRIO,REALIZANDO ROTA,VOLTA,1
HI628,HI628,17:17,-25.57624,-49.331213,684,1,4,5,NO HORÁRIO,REALIZANDO ROTA,VOLTA,1
HI621,HI621,17:17,-25.579776,-49.334675,684,1,4,4,NO HORÁRIO,REALIZANDO ROTA,IDA,1
HI623,HI623,17:17,-25.522963,-49.292716,684,1,4,2,NO HORÁRIO,REALIZANDO ROTA,IDA,1
EI015,EI015,17:13,-25.52677,-49.239363,532,1,1,1,NO HORÁRIO,REALIZANDO ROTA,IDA,1
PC940,PC940,17:17,-25.43421,-49.271135,560,1,7,1,ADIANTADO,TIPO INCOMPATIVEL,IDA,1
HI032,HI032,17:17,-25.495178,-49.337961,712,1,1,2,NO HORÁRIO,REALIZANDO ROTA,VOLTA,1
BI875,BI875,17:17,-25.435191,-49.351155,822,1,7,1,NO HORÁRIO,REALIZANDO ROTA,IDA,1
PL310,PL310,17:17,-25.440408,-49.220903,304,0,3,3,NO HORÁRIO,REALIZANDO ROTA,IDA,1
JL334,JL334,17:16,-25.437636,-49.335841,304,0,3,6,ATRASADO,REALIZANDO ROTA,IDA,1
JL331,JL331,17:15,-25.441476,-49.344905,304,0,3,10,ADIANTADO,REALIZANDO ROTA,IDA,1
EI012,EI012,17:17,-25.497946,-49.232406,523,1,1,1,NO HORÁRIO,REALIZANDO ROTA,IDA,1
GI005,GI005,17:15,-25.53061,-49.256225,545,1,1,3,NO HORÁRIO,REALIZANDO ROTA,IDA,1
JC314,JC314,17:17,-25.544996,-49.303258,545,1,3,4,NO HORÁRIO,REALIZANDO ROTA,IDA,1
KA604,KA604,17:17,-25.537211,-49.27554,545,1,4,2,NO HORÁRIO,REALIZANDO ROTA,VOLTA,1
JI605,JI605,17:17,-25.49048,-49.333468,545,1,4,5,NO HORÁRIO,REALIZANDO ROTA,VOLTA,1
HI850,HI850,17:17,-25.504353,-49.316938,628,1,7,2,NO HORÁRIO,REALIZANDO ROTA,VOLTA,1
HI853,HI853,17:17,-25.532858,-49.319473,628,1,7,1,NO HORÁRIO,REALIZANDO ROTA,IDA,1
BI001,BI001,17:17,-25.406638,-49.252501,211,1,1,1,NO HORÁRIO,REALIZANDO ROTA,IDA,1
BI876,BI876,17:17,-25.377005,-49.233848,275,1,7,2,NO HORÁRIO,REALIZANDO ROTA,VOLTA,1
BI886,BI886,17:17,-25.428668,-49.270635,275,1,7,1,ADIANTADO,REALIZANDO ROTA,IDA,1
BC025,BC025,17:14,-25.424676,-49.30118,876,1,1,1,ADIANTADO,REALIZANDO ROTA,VOLTA,1
BC012,BC012,17:17,-25.427705,-49.297513,876,1,1,2,NO HORÁRIO,REALIZANDO ROTA,IDA,1
GI008,GI008,17:17,-25.512228,-49.294771,649,1,1,1,ADIANTADO,REALIZANDO ROTA,IDA,1
HI045,HI045,17:15,-25.47796,-49.292955,612,1,1,1,NO HORÁRIO,REALIZANDO ROTA,VOLTA,1
MI003,MI003,17:13,-25.421225,-49.292311,901,1,1,1,NO HORÁRIO,REALIZANDO ROTA,IDA,1
MC307,MC307,17:16,-25.408693,-49.323945,901,1,3,2,NO HORÁRIO,TIPO INCOMPATIVEL,VOLTA,1
MC304,MC304,17:15,-25.419765,-49.294151,REC,1,3,,,,,1
GI052,GI052,17:15,-25.533636,-49.266523,633,1,1,1,ATRASADO,REALIZANDO ROTA,IDA,1
EI013,EI013,17:17,-25.520026,-49.24784,521,1,1,1,NO HORÁRIO,REALIZANDO ROTA,IDA,1
GI014,GI014,17:17,-25.527998,-49.291985,643,1,1,1,NO HORÁRIO,REALIZANDO ROTA,IDA,1
GI006,GI006,17:06,-25.527756,-49.292116,643,1,1,2,ADIANTADO,REALIZANDO ROTA,VOLTA,1
BI006,BI006,17:17,-25.409278,-49.220095,374,1,1,2,NO HORÁRIO,REALIZANDO ROTA,IDA,1
BI007,BI007,17:16,-25.42134,-49.252916,374,1,1,1,NO HORÁRIO,REALIZANDO ROTA,VOLTA,1
EI004,EI004,17:17,-25.467061,-49.259875,561,1,1,1,NO HORÁRIO,REALIZANDO ROTA,VOLTA,1
EA003,EA003,17:16,-25.457323,-49.26364,561,1,1,2,NO HORÁRIO,REALIZANDO ROTA,IDA,1
GI022,GI022,17:17,-25.48945,-49.285671,621,1,1,1,NO HORÁRIO,REALIZANDO ROTA,VOLTA,1
GI035,GI035,17:15,-25.485001,-49.251961,621,1,1,2,NO HORÁRIO,REALIZANDO ROTA,IDA,1
CI001,CI001,17:17,-25.413253,-49.203901,345,1,1,1,ATRASADO,REALIZANDO ROTA,IDA,1
CC300,CC300,17:17,-25.430138,-49.271335,380,1,10,1,ATRASADO,TIPO INCOMPATIVEL,VOLTA,1
CC302,CC302,17:16,-25.426381,-49.257821,380,1,10,2,ATRASADO,TIPO INCOMPATIVEL,IDA,1
GI034,GI034,17:17,-25.498385,-49.280108,663,1,1,1,NO HORÁRIO,REALIZANDO ROTA,VOLTA,1
JL333,JL333,17:17,-25.464156,-49.308648,702,0,3,5,NO HORÁRIO,REALIZANDO ROTA,IDA,1
JL327,JL327,17:17,-25.339331,-49.271121,702,1,3,1,NO HORÁRIO,REALIZANDO ROTA,IDA,1
JL326,JL326,17:15,-25.42468,-49.268918,702,1,3,3,NO HORÁRIO,REALIZANDO ROTA,IDA,1
HI855,HI855,17:17,-25.447675,-49.292823,265,1,7,1,NO HORÁRIO,REALIZANDO ROTA,VOLTA,1
HI851,HI851,17:17,-25.534801,-49.317595,627,1,7,2,NO HORÁRIO,REALIZANDO ROTA,VOLTA,1
PE843,PE843,17:17,-25.435185,-49.304491,303,0,5,3,NO HORÁRIO,REALIZANDO ROTA,IDA,1
PE841,PE841,17:17,-25.437595,-49.266588,303,0,5,7,ATRASADO,REALIZANDO ROTA,IDA,1
JE703,JE703,17:16,-25.4691,-49.208346,303,0,5,2,NO HORÁRIO,REALIZANDO ROTA,IDA,1
GD343,GD343,17:16,-25.437686,-49.266631,303,0,5,6,NO HORÁRIO,REALIZANDO ROTA,VOLTA,1
JE707,JE707,17:17,-25.437136,-49.24352,303,0,5,4,ATRASADO,REALIZANDO ROTA,VOLTA,1
GE707,GE707,17:13,-25.441598,-49.34671,303,0,5,1,NO HORÁRIO,REALIZANDO ROTA,IDA,1
PE846,PE846,17:17,-25.482525,-49.239156,REC,0,5,,,,,1
KE704,KE704,17:06,-25.461936,-49.210678,303,0,5,9,ATRASADO,FORA DA ROTA,IDA,1
GI013,GI013,17:13,-25.54264,-49.26989,524,1,1,2,NO HORÁRIO,REALIZANDO ROTA,IDA,1
GI044,GI044,17:17,-25.534236,-49.260723,524,1,1,1,NO HORÁRIO,REALIZANDO ROTA,VOLTA,1
HE717,HE717,17:17,-25.441271,-49.276318,250,0,5,7,ADIANTADO,REALIZANDO ROTA,IDA,1
BE708,BE708,17:17,-25.512281,-49.29571,250,0,5,3,ATRASADO,REALIZANDO ROTA,IDA,1
HE721,HE721,17:17,-25.458906,-49.288958,250,0,5,2,NO HORÁRIO,REALIZANDO ROTA,VOLTA,1
HE723,HE723,17:14,-25.485513,-49.29402,250,0,5,4,NO HORÁRIO,REALIZANDO ROTA,IDA,1
BE705,BE705,17:15,-25.393023,-49.23997,250,0,5,10,ADIANTADO,REALIZANDO ROTA,VOLTA,1
GE704,GE704,17:17,-25.39376,-49.240721,250,0,5,9,NO HORÁRIO,REALIZANDO ROTA,IDA,1
GE727,GE727,17:12,-25.432093,-49.266953,250,0,5,12,ATRASADO,REALIZANDO ROTA,VOLTA,1
BE707,BE707,17:17,-25.432098,-49.26692,250,0,5,13,ADIANTADO,REALIZANDO ROTA,VOLTA,1
BI861,BI861,17:17,-25.355711,-49.274908,183,1,7,1,NÃO CONFORMIDADE,INDETERMINADA,IDA,1
HE706,HE706,17:17,-25.443495,-49.28183,603,0,5,1,ATRASADO,REALIZANDO ROTA,VOLTA,1
HE730,HE730,17:16,-25.48648,-49.294285,603,0,5,10,NO HORÁRIO,REALIZANDO ROTA,VOLTA,1
HE711,HE711,17:17,-25.504601,-49.295913,603,0,5,7,NO HORÁRIO,REALIZANDO ROTA,IDA,1
HE731,HE731,17:17,-25.476098,-49.29261,603,0,5,5,ATRASADO,REALIZANDO ROTA,IDA,1
HE725,HE725,17:17,-25.437005,-49.273338,603,0,5,3,NO HORÁRIO,REALIZANDO ROTA,IDA,1
BE726,BE726,17:17,-25.422185,-49.266408,203,0,5,4,ATRASADO,REALIZANDO ROTA,IDA,1
BE727,BE727,17:17,-25.38971,-49.23691,203,0,5,2,NO HORÁRIO,REALIZANDO ROTA,IDA,1
HE714,HE714,17:17,-25.443528,-49.282011,203,0,5,14,NO HORÁRIO,REALIZANDO ROTA,IDA,1
BE729,BE729,17:17,-25.431746,-49.267231,203,0,5,6,NO HORÁRIO,REALIZANDO ROTA,IDA,1
BE719,BE719,17:17,-25.466586,-49.292213,203,0,5,10,NO HORÁRIO,REALIZANDO ROTA,IDA,1
BE721,BE721,17:17,-25.49179,-49.293478,203,0,5,11,NO HORÁRIO,REALIZANDO ROTA,IDA,1
HE704,HE704,17:17,-25.37741,-49.22403,203,0,5,12,NO HORÁRIO,REALIZANDO ROTA,IDA,1
GE714,GE714,17:16,-25.443435,-49.282123,203,0,5,3,NO HORÁRIO,REALIZANDO ROTA,VOLTA,1
BE722,BE722,17:17,-25.439621,-49.271618,203,0,5,5,ADIANTADO,REALIZANDO ROTA,VOLTA,1
BE720,BE720,17:17,-25.420058,-49.265233,203,0,5,15,NO HORÁRIO,REALIZANDO ROTA,VOLTA,1
BE713,BE713,17:15,-25.394868,-49.24272,REC,0,5,,,,,1
BE718,BE718,17:17,-25.485635,-49.294083,203,0,5,13,ADIANTADO,REALIZANDO ROTA,VOLTA,1
GE732,GE732,17:17,-25.397548,-49.244215,203,0,5,9,NO HORÁRIO,REALIZANDO ROTA,VOLTA,1
GE730,GE730,17:17,-25.549618,-49.291491,REC,0,5,,,,,1
BD150,BD150,17:17,-25.394458,-49.242076,REC,0,5,,,,,1
BE702,BE702,17:17,-25.394323,-49.24193,REC,0,5,,,,,1
HI861,HI861,17:06,-25.532215,-49.337158,652,1,7,2,NO HORÁRIO,REALIZANDO ROTA,VOLTA,1
HI862,HI862,17:17,-25.520436,-49.329091,652,1,7,1,NO HORÁRIO,REALIZANDO ROTA,VOLTA,1
BC013,BC013,17:17,-25.427945,-49.214303,373,1,1,1,NO HORÁRIO,REALIZANDO ROTA,IDA,1
BC019,BC019,17:17,-25.413078,-49.205351,372,1,1,1,ADIANTADO,REALIZANDO ROTA,VOLTA,1
BC032,BC032,17:17,-25.42882,-49.225325,372,1,1,2,NO HORÁRIO,REALIZANDO ROTA,IDA,1
BI884,BI884,17:17,-25.40363,-49.245378,214,1,7,1,NO HORÁRIO,REALIZANDO ROTA,VOLTA,1
HN403,HN403,17:17,-25.478083,-49.289403,673,1,7,1,ATRASADO,REALIZANDO ROTA,IDA,1
BI870,BI870,17:16,-25.374681,-49.222948,231,1,7,1,NO HORÁRIO,REALIZANDO ROTA,IDA,1
HB614,HB614,17:17,-25.424413,-49.352226,040,1,4,2,NO HORÁRIO,REALIZANDO ROTA,IDA,1
HB612,HB612,17:13,-25.478041,-49.33158,040,1,4,11,NO HORÁRIO,REALIZANDO ROTA,VOLTA,1
JB614,JB614,17:17,-25.513285,-49.295113,040,1,4,1,NO HORÁRIO,REALIZANDO ROTA,IDA,1
GB610,GB610,17:17,-25.511698,-49.332418,040,1,4,10,NO HORÁRIO,REALIZANDO ROTA,VOLTA,1
JB607,JB607,17:17,-25.496995,-49.325901,040,1,4,3,NO HORÁRIO,REALIZANDO ROTA,IDA,1
MB499,MB499,17:17,-25.46328,-49.345618,040,0,3,8,NO HORÁRIO,TIPO INCOMPATIVEL,IDA,1
JB611,JB611,17:17,-25.449175,-49.365246,REC,1,4,,,,,1
MB698,MB698,17:16,-25.400611,-49.3306,040,1,4,7,NO HORÁRIO,REALIZANDO ROTA,VOLTA,1
HB613,HB613,17:16,-25.440658,-49.345671,040,1,4,4,NO HORÁRIO,REALIZANDO ROTA,VOLTA,1
EI016,EI016,17:17,-25.494296,-49.28667,525,1,1,1,NO HORÁRIO,REALIZANDO ROTA,VOLTA,1
EI019,EI019,17:17,-25.485201,-49.252271,525,1,1,2,NO HORÁRIO,REALIZANDO ROTA,IDA,1
GI036,GI036,17:10,-25.563351,-49.253383,548,1,1,1,NO HORÁRIO,REALIZANDO ROTA,IDA,1
GI040,GI040,17:12,-25.541678,-49.271716,548,1,1,2,NO HORÁRIO,REALIZANDO ROTA,VOLTA,1
GI016,GI016,17:14,-25.492678,-49.29127,624,1,1,1,NO HORÁRIO,REALIZANDO ROTA,IDA,1
GI009,GI009,17:10,-25.549086,-49.291105,REC,1,1,,,,,1
BA033,BA033,17:13,-25.382723,-49.312471,924,1,1,3,NO HORÁRIO,REALIZANDO ROTA,IDA,1
BA026,BA026,17:17,-25.376376,-49.224711,924,1,1,2,ATRASADO,REALIZANDO ROTA,VOLTA,1
GI858,GI858,17:17,-25.434585,-49.240248,387,1,7,2,ATRASADO,REALIZANDO ROTA,VOLTA,1
GI857,GI857,17:17,-25.55019,-49.29197,387,1,7,1,ATRASADO,REALIZANDO ROTA,VOLTA,1
JI865,JI865,17:09,-25.463185,-49.367575,820,1,7,1,NO HORÁRIO,REALIZANDO ROTA,VOLTA,1
BI882,BI882,17:17,-25.424443,-49.27408,169,1,7,1,NO HORÁRIO,REALIZANDO ROTA,IDA,1
BI859,BI859,17:10,-25.422953,-49.270941,169,1,7,2,NO HORÁRIO,REALIZANDO ROTA,VOLTA,1
HC305,HC305,17:17,-25.438601,-49.278025,801,1,10,1,NO HORÁRIO,REALIZANDO ROTA,VOLTA,1
BL343,BL343,17:17,-25.415535,-49.267946,206,0,3,3,ADIANTADO,REALIZANDO ROTA,IDA,1
BL350,BL350,17:17,-25.532811,-49.211583,206,0,3,6,NO HORÁRIO,REALIZANDO ROTA,IDA,1
BL360,BL360,17:15,-25.432003,-49.264121,206,0,3,2,NO HORÁRIO,REALIZANDO ROTA,VOLTA,1
EL325,EL325,17:17,-25.39083,-49.258151,206,1,3,5,NO HORÁRIO,REALIZANDO ROTA,VOLTA,1
BL361,BL361,17:17,-25.490425,-49.242881,206,0,3,4,NO HORÁRIO,REALIZANDO ROTA,VOLTA,1
HL338,HL338,17:17,-25.436155,-49.274725,707,1,3,3,ADIANTADO,REALIZANDO ROTA,IDA,1
HL332,HL332,17:17,-25.536523,-49.30134,707,1,3,4,ATRASADO,REALIZANDO ROTA,IDA,1
HL337,HL337,17:15,-25.470376,-49.254886,707,1,3,1,NO HORÁRIO,REALIZANDO ROTA,VOLTA,1
HL339,HL339,17:04,-25.543141,-49.305701,707,1,3,6,NO HORÁRIO,REALIZANDO ROTA,VOLTA,1
JI863,JI863,17:17,-25.459245,-49.302263,779,1,7,1,NO HORÁRIO,REALIZANDO ROTA,IDA,1
JI301,JI301,17:17,-25.446078,-49.279358,706,1,3,2,NO HORÁRIO,REALIZANDO ROTA,VOLTA,1
JC310,JC310,17:17,-25.475275,-49.318375,706,1,3,8,NO HORÁRIO,REALIZANDO ROTA,VOLTA,1
JC304,JC304,17:14,-25.482028,-49.344513,706,1,3,7,NO HORÁRIO,REALIZANDO ROTA,IDA,1
JC302,JC302,17:12,-25.478366,-49.329935,706,1,3,6,NO HORÁRIO,REALIZANDO ROTA,VOLTA,1
JC301,JC301,17:17,-25.436868,-49.273353,706,1,3,9,NO HORÁRIO,REALIZANDO ROTA,IDA,1
JC315,JC315,17:12,-25.483948,-49.350368,706,1,3,4,NO HORÁRIO,COM MENSAGEM NÃO LIDA,VOLTA,1
BI853,BI853,17:17,-25.413225,-49.271263,176,1,7,1,NO HORÁRIO,REALIZANDO ROTA,VOLTA,1
EI020,EI020,17:17,-25.465793,-49.250198,475,1,1,1,NO HORÁRIO,REALIZANDO ROTA,VOLTA,1
EI001,EI001,17:17,-25.459171,-49.249721,475,1,1,2,NO HORÁRIO,REALIZANDO ROTA,IDA,1
CI005,CI005,17:11,-25.398148,-49.235071,222,1,1,1,NO HORÁRIO,REALIZANDO ROTA,IDA,1
GI045,GI045,17:09,-25.566093,-49.325018,708,1,1,2,NO HORÁRIO,REALIZANDO ROTA,VOLTA,1
HI024,HI024,17:17,-25.553868,-49.275971,708,1,1,1,NO HORÁRIO,REALIZANDO ROTA,IDA,1
CB603,CB603,17:17,-25.439935,-49.205821,030,1,4,3,NÃO CONFORMIDADE,REALIZANDO ROTA,VOLTA,1
BB697,BB697,17:17,-25.487178,-49.223436,030,1,4,2,NO HORÁRIO,REALIZANDO ROTA,VOLTA,1
CB604,CB604,17:17,-25.50169,-49.290821,030,1,4,4,ATRASADO,REALIZANDO ROTA,VOLTA,1
KB606,KB606,17:17,-25.4947,-49.234058,030,1,4,5,NO HORÁRIO,REALIZANDO ROTA,IDA,1
KB600,KB600,17:12,-25.391115,-49.211048,030,1,4,6,ATRASADO,REALIZANDO ROTA,VOLTA,1
KB608,KB608,17:15,-25.433386,-49.216971,030,1,4,1,NO HORÁRIO,FORA DA ROTA,IDA,1
BB609,BB609,17:17,-25.394195,-49.24199,REC,1,4,,,,,1
HC854,HC854,17:17,-25.446168,-49.27501,670,1,7,1,NO HORÁRIO,REALIZANDO ROTA,IDA,1
GI852,GI852,17:17,-25.43529,-49.274143,661,1,7,1,ADIANTADO,REALIZANDO ROTA,VOLTA,1
GI851,GI851,17:17,-25.440016,-49.271803,662,1,7,1,ADIANTADO,REALIZANDO ROTA,IDA,1
HI614,HI614,17:15,-25.574665,-49.332396,650,1,4,2,NO HORÁRIO,REALIZANDO ROTA,VOLTA,1
HI617,HI617,17:15,-25.513575,-49.295353,650,1,4,3,ATRASADO,REALIZANDO ROTA,VOLTA,1
HI610,HI610,17:14,-25.554646,-49.307173,650,1,4,4,ADIANTADO,REALIZANDO ROTA,IDA,1
BI850,BI850,17:14,-25.428255,-49.272508,166,1,7,1,ADIANTADO,REALIZANDO ROTA,IDA,1
HI856,HI856,17:17,-25.517046,-49.295595,600,1,7,1,NO HORÁRIO,REALIZANDO ROTA,IDA,1
EI008,EI008,17:16,-25.532638,-49.29716,528,1,1,3,NO HORÁRIO,REALIZANDO ROTA,IDA,1
GI017,GI017,17:17,-25.527641,-49.292286,528,1,1,4,ATRASADO,REALIZANDO ROTA,VOLTA,1
GI011,GI011,17:16,-25.518311,-49.230835,528,1,1,1,ATRASADO,REALIZANDO ROTA,IDA,1
GI004,GI004,17:15,-25.514688,-49.295631,637,1,1,1,ADIANTADO,REALIZANDO ROTA,VOLTA,1
EL323,EL323,17:13,-25.42253,-49.269765,505,1,3,4,NO HORÁRIO,REALIZANDO ROTA,VOLTA,1
EL327,EL327,17:17,-25.49774,-49.2394,505,1,3,3,NO HORÁRIO,REALIZANDO ROTA,VOLTA,1
EL322,EL322,17:17,-25.465881,-49.254915,505,1,3,2,ATRASADO,REALIZANDO ROTA,IDA,1
EL319,EL319,17:17,-25.419838,-49.26881,505,1,3,5,NO HORÁRIO,REALIZANDO ROTA,IDA,1
BA001,BA001,17:11,-25.39064,-49.245271,226,1,1,1,NO HORÁRIO,REALIZANDO ROTA,IDA,1
BA029,BA029,17:16,-25.42855,-49.271035,182,1,1,1,ADIANTADO,REALIZANDO ROTA,IDA,1
BC018,BC018,17:11,-25.368028,-49.271348,182,1,1,2,NO HORÁRIO,REALIZANDO ROTA,VOLTA,1
BI009,BI009,17:17,-25.399046,-49.21611,361,1,1,1,ATRASADO,REALIZANDO ROTA,VOLTA,1
GI039,GI039,17:17,-25.506841,-49.28225,625,1,1,2,ATRASADO,REALIZANDO ROTA,IDA,1
GI043,GI043,17:17,-25.520561,-49.273935,625,1,1,1,NO HORÁRIO,REALIZANDO ROTA,VOLTA,1
GI850,GI850,17:16,-25.518691,-49.272098,665,1,7,2,NO HORÁRIO,REALIZANDO ROTA,VOLTA,1
GC003,GC003,17:16,-25.43862,-49.27254,665,1,1,1,ATRASADO,TIPO INCOMPATIVEL,IDA,1
BI014,BI014,17:17,-25.41022,-49.220131,365,1,1,2,NO HORÁRIO,REALIZANDO ROTA,VOLTA,1
BI022,BI022,17:16,-25.449106,-49.30901,365,1,1,1,NO HORÁRIO,REALIZANDO ROTA,VOLTA,1
HE617,HE617,17:17,-25.453535,-49.244443,350,0,4,6,NO HORÁRIO,REALIZANDO ROTA,VOLTA,1
BE600,BE600,17:17,-25.512805,-49.294611,350,0,4,4,NO HORÁRIO,REALIZANDO ROTA,VOLTA,1
EE601,EE601,17:17,-25.394243,-49.21039,350,0,4,3,ATRASADO,REALIZANDO ROTA,IDA,1
BE605,BE605,17:15,-25.47082,-49.255165,350,0,4,5,NO HORÁRIO,REALIZANDO ROTA,IDA,1
HI018,HI018,17:15,-25.520555,-49.295401,680,1,1,2,NO HORÁRIO,REALIZANDO ROTA,IDA,1
HI031,HI031,17:17,-25.585111,-49.328036,680,1,1,1,NO HORÁRIO,REALIZANDO ROTA,VOLTA,1
EI009,EI009,17:16,-25.469756,-49.230886,468,1,1,2,NO HORÁRIO,REALIZANDO ROTA,IDA,1
EA004,EA004,17:17,-25.463448,-49.235773,468,1,1,1,NO HORÁRIO,REALIZANDO ROTA,VOLTA,1
GI015,GI015,17:08,-25.53826,-49.241716,536,1,1,1,NO HORÁRIO,REALIZANDO ROTA,IDA,1
BI879,BI879,17:16,-25.414483,-49.280511,821,1,7,2,NÃO CONFORMIDADE,NA GARAGEM,VOLTA,1
MI002,MI002,17:17,-25.416801,-49.358745,821,1,1,1,ADIANTADO,REALIZANDO ROTA,IDA,1
GI054,GI054,17:17,-25.492455,-49.22079,338,1,1,1,NO HORÁRIO,REALIZANDO ROTA,VOLTA,1
GI053,GI053,17:17,-25.474338,-49.231538,338,1,1,3,ADIANTADO,REALIZANDO ROTA,IDA,1
GI012,GI012,17:13,-25.472181,-49.200075,338,1,1,2,NO HORÁRIO,REALIZANDO ROTA,IDA,1
HI019,HI019,17:17,-25.536713,-49.301263,681,1,1,1,ATRASADO,REALIZANDO ROTA,IDA,1
BI857,BI857,17:17,-25.437361,-49.21932,311,1,7,1,NO HORÁRIO,REALIZANDO ROTA,VOLTA,1
BI900,BI900,17:11,-25.431128,-49.25045,386,1,7,1,NO HORÁRIO,REALIZANDO ROTA,VOLTA,1
CL310,CL310,17:17,-25.429958,-49.214348,307,0,3,7,ATRASADO,FORA DA ROTA,IDA,1
BL352,BL352,17:17,-25.428321,-49.28474,307,0,3,5,ATRASADO,REALIZANDO ROTA,IDA,1
BL349,BL349,17:14,-25.401353,-49.329385,307,0,3,8,NO HORÁRIO,REALIZANDO ROTA,VOLTA,1
CL307,CL307,17:17,-25.42864,-49.285186,307,0,3,3,ATRASADO,REALIZANDO ROTA,VOLTA,1
BL365,BL365,17:17,-25.42666,-49.21031,307,0,3,2,NO HORÁRIO,REALIZANDO ROTA,VOLTA,1
HI021,HI021,17:15,-25.564308,-49.334406,773,1,1,1,NO HORÁRIO,REALIZANDO ROTA,IDA,1
MI856,MI856,17:17,-25.386318,-49.335085,928,1,7,1,ATRASADO,REALIZANDO ROTA,IDA,1
MA949,MA949,17:16,-25.398813,-49.324661,965,1,7,1,ATRASADO,REALIZANDO ROTA,VOLTA,1
JI855,JI855,17:17,-25.477328,-49.326895,711,1,7,1,NO HORÁRIO,REALIZANDO ROTA,VOLTA,1
BI856,BI856,17:17,-25.388576,-49.243638,280,1,7,1,NO HORÁRIO,REALIZANDO ROTA,VOLTA,1
GI007,GI007,17:17,-25.512735,-49.294796,641,1,1,1,ADIANTADO,REALIZANDO ROTA,VOLTA,1
GA201,GA201,17:17,-25.548221,-49.291645,REC,1,1,,,,,1
GI002,GI002,17:17,-25.550291,-49.291356,REC,1,1,,,,,1
HI004,HI004,17:17,-25.621363,-49.36494,772,1,1,4,ATRASADO,REALIZANDO ROTA,IDA,1
HI003,HI003,17:17,-25.514931,-49.29569,772,1,1,2,NO HORÁRIO,REALIZANDO ROTA,VOLTA,1
JI850,JI850,17:12,-25.439656,-49.335863,814,1,7,1,NO HORÁRIO,REALIZANDO ROTA,VOLTA,1
BA016,BA016,17:17,-25.41853,-49.33783,812,1,1,2,NO HORÁRIO,REALIZANDO ROTA,VOLTA,1
BI885,BI885,17:17,-25.41441,-49.261065,272,1,7,1,NO HORÁRIO,REALIZANDO ROTA,IDA,1
JI859,JI859,17:17,-25.450015,-49.284868,761,1,7,1,NO HORÁRIO,REALIZANDO ROTA,IDA,1
PC290,PC290,17:17,-25.482765,-49.238998,REC,1,1,,,,,1
PA283,PA283,17:14,-25.488011,-49.199853,336,1,1,1,ATRASADO,REALIZANDO ROTA,VOLTA,1
MN608,MN608,17:16,-25.419713,-49.293901,REC,1,7,,,,,1
GI049,GI049,17:14,-25.486306,-49.213283,335,1,1,1,NO HORÁRIO,REALIZANDO ROTA,VOLTA,1
GI050,GI050,17:16,-25.514698,-49.229815,335,1,1,2,NO HORÁRIO,REALIZANDO ROTA,IDA,1
HI859,HI859,17:17,-25.429898,-49.272483,865,1,7,1,ADIANTADO,REALIZANDO ROTA,IDA,1
BI892,BI892,17:12,-25.39186,-49.260891,181,1,7,1,NO HORÁRIO,REALIZANDO ROTA,VOLTA,1
BI897,BI897,17:17,-25.437908,-49.361535,827,1,7,1,NO HORÁRIO,REALIZANDO ROTA,IDA,1
BI880,BI880,17:17,-25.438413,-49.29149,366,1,7,2,NÃO CONFORMIDADE,INDETERMINADA,VOLTA,1
BI901,BI901,17:17,-25.37185,-49.262031,242,1,7,1,NO HORÁRIO,REALIZANDO ROTA,VOLTA,1
BC008,BC008,17:17,-25.426536,-49.285585,870,1,1,2,ADIANTADO,REALIZANDO ROTA,VOLTA,1
BC017,BC017,17:17,-25.418908,-49.35509,870,1,1,1,ATRASADO,REALIZANDO ROTA,IDA,1
EI007,EI007,17:16,-25.468438,-49.24011,471,1,1,1,NO HORÁRIO,REALIZANDO ROTA,VOLTA,1
HI037,HI037,17:15,-25.498666,-49.353278,653,1,1,2,NO HORÁRIO,REALIZANDO ROTA,VOLTA,1
HI025,HI025,17:17,-25.511508,-49.324306,653,1,1,1,ADIANTADO,REALIZANDO ROTA,IDA,1
HI860,HI860,17:17,-25.47088,-49.295291,674,1,7,1,NO HORÁRIO,REALIZANDO ROTA,VOLTA,1
HC851,HC851,17:17,-25.511865,-49.324563,644,1,7,1,ADIANTADO,REALIZANDO ROTA,VOLTA,1
HI013,HI013,17:17,-25.544231,-49.33737,630,1,1,1,ATRASADO,REALIZANDO ROTA,VOLTA,1
HI002,HI002,17:17,-25.539186,-49.307755,REC,1,1,,,,,1
GI042,GI042,17:10,-25.54326,-49.300713,635,1,1,1,ATRASADO,TIPO INCOMPATIVEL,VOLTA,1
GI025,GI025,17:17,-25.531331,-49.267638,534,1,1,1,NO HORÁRIO,REALIZANDO ROTA,VOLTA,1
JI861,JI861,17:17,-25.45766,-49.305073,760,1,7,1,NO HORÁRIO,REALIZANDO ROTA,IDA,1
GI020,GI020,17:16,-25.535013,-49.289081,640,1,1,1,ADIANTADO,REALIZANDO ROTA,VOLTA,1
GI856,GI856,17:17,-25.482456,-49.279208,616,1,7,1,NO HORÁRIO,REALIZANDO ROTA,VOLTA,1
BI602,BI602,17:17,-25.377386,-49.22413,238,1,4,1,ADIANTADO,REALIZANDO ROTA,VOLTA,1
BI603,BI603,17:17,-25.385945,-49.20286,238,1,4,2,NO HORÁRIO,REALIZANDO ROTA,VOLTA,1
HI023,HI023,17:10,-25.515708,-49.339588,709,1,1,1,NO HORÁRIO,REALIZANDO ROTA,VOLTA,1
GI853,GI853,17:12,-25.468156,-49.272366,666,1,7,1,ATRASADO,REALIZANDO ROTA,VOLTA,1
BI893,BI893,17:15,-25.35254,-49.271213,243,1,7,1,NÃO CONFORMIDADE,INDETERMINADA,VOLTA,1
BA004,BA004,17:17,-25.394051,-49.203345,342,1,1,1,NO HORÁRIO,REALIZANDO ROTA,IDA,1
BA035,BA035,17:17,-25.387643,-49.214233,342,1,1,2,NO HORÁRIO,REALIZANDO ROTA,VOLTA,1
BI002,BI002,17:15,-25.356995,-49.235041,232,1,1,2,NO HORÁRIO,REALIZANDO ROTA,VOLTA,1
MI852,MI852,17:14,-25.40744,-49.303775,967,1,7,1,NO HORÁRIO,REALIZANDO ROTA,VOLTA,1
BC011,BC011,17:17,-25.389175,-49.283371,170,1,1,1,NO HORÁRIO,REALIZANDO ROTA,VOLTA,1
BC024,BC024,17:17,-25.395725,-49.285725,170,1,1,2,NO HORÁRIO,REALIZANDO ROTA,IDA,1
BI866,BI866,17:17,-25.388233,-49.267475,184,1,7,1,NO HORÁRIO,REALIZANDO ROTA,IDA,1
BI869,BI869,17:15,-25.432643,-49.270993,260,1,7,1,NO HORÁRIO,REALIZANDO ROTA,IDA,1
BI019,BI019,17:16,-25.41135,-49.224563,371,1,1,1,ATRASADO,REALIZANDO ROTA,VOLTA,1
BI018,BI018,17:17,-25.42811,-49.26358,371,1,1,2,ATRASADO,REALIZANDO ROTA,IDA,1
CL309,CL309,17:17,-25.430011,-49.214931,X45,0,3,1,NO HORÁRIO,REALIZANDO ROTA,IDA,1
BI865,BI865,17:17,-25.429248,-49.213933,375,1,7,1,ATRASADO,REALIZANDO ROTA,IDA,1
PI851,PI851,17:17,-25.482815,-49.239046,REC,1,7,,,,,1
EA001,EA001,17:17,-25.43605,-49.266851,472,1,1,1,NO HORÁRIO,REALIZANDO ROTA,IDA,1
BI860,BI860,17:17,-25.43409,-49.270393,175,1,7,1,NO HORÁRIO,REALIZANDO ROTA,VOLTA,1
PI006,PI006,17:17,-25.455961,-49.208383,322,1,1,1,NO HORÁRIO,REALIZANDO ROTA,VOLTA,1
PC943,PC943,17:16,-25.452236,-49.212958,321,1,7,1,NO HORÁRIO,REALIZANDO ROTA,VOLTA,1
JI011,JI011,17:17,-25.490678,-49.348206,721,1,1,1,ATRASADO,REALIZANDO ROTA,IDA,1
HI050,HI050,17:14,-25.428135,-49.27103,863,0,21,1,ATRASADO,REALIZANDO ROTA,VOLTA,1
HI026,HI026,17:14,-25.483746,-49.31403,615,1,1,1,NO HORÁRIO,REALIZANDO ROTA,VOLTA,1
GI048,GI048,17:17,-25.553911,-49.276695,638,1,1,1,ADIANTADO,REALIZANDO ROTA,VOLTA,1
GI037,GI037,17:13,-25.544625,-49.299405,636,1,1,1,NO HORÁRIO,REALIZANDO ROTA,IDA,1
BA032,BA032,17:03,-25.382543,-49.251373,225,1,1,1,ATRASADO,REALIZANDO ROTA,IDA,1
HL342,HL342,17:17,-25.418963,-49.267595,700,1,3,1,ATRASADO,REALIZANDO ROTA,IDA,1
BL362,BL362,17:17,-25.496371,-49.29618,700,0,3,2,NO HORÁRIO,REALIZANDO ROTA,VOLTA,1
BI005,BI005,17:17,-25.396206,-49.231818,213,1,1,1,NO HORÁRIO,REALIZANDO ROTA,VOLTA,1
EI003,EI003,17:17,-25.486793,-49.256181,512,1,1,1,NO HORÁRIO,REALIZANDO ROTA,IDA,1
EI006,EI006,17:16,-25.43633,-49.268053,474,1,1,1,NO HORÁRIO,REALIZANDO ROTA,IDA,1
GI047,GI047,17:11,-25.51747,-49.2307,535,1,1,1,NO HORÁRIO,REALIZANDO ROTA,IDA,1
GI041,GI041,17:06,-25.549466,-49.246926,535,1,1,2,NO HORÁRIO,REALIZANDO ROTA,VOLTA,1
GI855,GI855,17:17,-25.458821,-49.239053,465,1,7,1,ATRASADO,REALIZANDO ROTA,VOLTA,1
HI005,HI005,17:14,-25.512975,-49.330893,619,1,1,1,NO HORÁRIO,REALIZANDO ROTA,VOLTA,1
BA030,BA030,17:17,-25.3714,-49.210075,233,1,1,1,NO HORÁRIO,REALIZANDO ROTA,CIRCULAR,1
PI002,PI002,17:14,-25.46864,-49.194688,332,1,1,1,NO HORÁRIO,REALIZANDO ROTA,CIRCULAR,1
GI027,GI027,17:17,-25.516296,-49.287563,631,1,1,1,NO HORÁRIO,REALIZANDO ROTA,CIRCULAR,1
BI887,BI887,17:17,-25.390691,-49.240685,224,1,7,1,NO HORÁRIO,REALIZANDO ROTA,CIRCULAR,1
JI858,JI858,17:11,-25.482596,-49.345758,710,1,7,1,ATRASADO,PÂNICO,CIRCULAR,1
BA038,BA038,17:17,-25.450513,-49.354558,829,1,1,1,NO HORÁRIO,TIPO INCOMPATIVEL,CIRCULAR,1
EL332,EL332,17:16,-25.455646,-49.28826,507,1,3,3,NO HORÁRIO,REALIZANDO ROTA,CIRCULAR,1
EL331,EL331,17:17,-25.512205,-49.29442,507,1,3,4,NO HORÁRIO,REALIZANDO ROTA,CIRCULAR,1
EL329,EL329,17:14,-25.48871,-49.24383,507,1,3,1,NO HORÁRIO,REALIZANDO ROTA,CIRCULAR,1
EL335,EL335,17:17,-25.533285,-49.264101,507,0,3,5,NO HORÁRIO,REALIZANDO ROTA,CIRCULAR,1
EL334,EL334,17:17,-25.434375,-49.264633,507,0,3,2,NO HORÁRIO,REALIZANDO ROTA,CIRCULAR,1
GE717,GE717,17:11,-25.512111,-49.232371,502,0,5,3,ATRASADO,REALIZANDO ROTA,CIRCULAR,1
GE709,GE709,17:17,-25.483193,-49.293215,502,0,5,2,ADIANTADO,REALIZANDO ROTA,CIRCULAR,1
GE723,GE723,17:13,-25.47653,-49.279936,502,0,5,1,NO HORÁRIO,REALIZANDO ROTA,CIRCULAR,1
HE700,HE700,17:15,-25.50126,-49.23759,502,0,5,4,NO HORÁRIO,REALIZANDO ROTA,CIRCULAR,1
GE712,GE712,17:17,-25.549261,-49.291566,REC,0,5,,,,,1
HE726,HE726,17:17,-25.526936,-49.237061,602,0,5,1,NO HORÁRIO,REALIZANDO ROTA,CIRCULAR,1
HE727,HE727,17:17,-25.486028,-49.29412,602,0,5,3,ADIANTADO,REALIZANDO ROTA,CIRCULAR,1
HE716,HE716,17:17,-25.472288,-49.251753,602,0,5,4,ADIANTADO,REALIZANDO ROTA,CIRCULAR,1
HE710,HE710,17:15,-25.517791,-49.295583,602,0,5,2,ATRASADO,REALIZANDO ROTA,CIRCULAR,1
GB609,GB609,17:12,-25.492556,-49.293238,021,1,4,2,ADIANTADO,REALIZANDO ROTA,CIRCULAR,1
KB605,KB605,17:17,-25.439753,-49.22231,021,1,4,4,ADIANTADO,REALIZANDO ROTA,CIRCULAR,1
BB312,BB312,17:17,-25.408221,-49.250148,021,0,15,5,ATRASADO,REALIZANDO ROTA,CIRCULAR,1
EB600,EB600,17:17,-25.48158,-49.246918,021,1,4,3,NO HORÁRIO,REALIZANDO ROTA,CIRCULAR,1
GI301,GI301,17:17,-25.442456,-49.307225,021,1,3,1,NO HORÁRIO,TIPO INCOMPATIVEL,CIRCULAR,1
BB621,BB621,17:12,-25.393595,-49.284095,021,1,4,6,NO HORÁRIO,REALIZANDO ROTA,CIRCULAR,1
GB499,GB499,17:16,-25.549796,-49.291018,REC,1,3,,,,,1
GB302,GB302,17:17,-25.550436,-49.291821,011,0,15,1,ADIANTADO,REALIZANDO ROTA,CIRCULAR,1
JB304,JB304,17:17,-25.43306,-49.294615,011,0,15,2-2,NO HORÁRIO,REALIZANDO ROTA,CIRCULAR,1
BI011,BI011,17:17,-25.39394,-49.241871,237,1,1,1,NÃO CONFORMIDADE,REALIZANDO ROTA,CIRCULAR,1
GL314,GL314,17:17,-25.548913,-49.290706,508,0,3,3,NÃO CONFORMIDADE,REALIZANDO ROTA,CIRCULAR,1
GL317,GL317,17:17,-25.444401,-49.274923,508,0,3,1,ADIANTADO,REALIZANDO ROTA,CIRCULAR,1
GL344,GL344,17:16,-25.44801,-49.257865,508,0,3,2,ATRASADO,REALIZANDO ROTA,CIRCULAR,1
GL316,GL316,17:16,-25.503173,-49.295995,508,0,3,5,ADIANTADO,REALIZANDO ROTA,CIRCULAR,1
GL320,GL320,17:15,-25.534915,-49.270686,508,0,3,4,NO HORÁRIO,REALIZANDO ROTA,CIRCULAR,1
GL342,GL342,17:17,-25.503941,-49.236286,508,0,3,3,NO HORÁRIO,REALIZANDO ROTA,CIRCULAR,1
PL308,PL308,17:17,-25.418688,-49.269568,022,0,3,8,NO HORÁRIO,REALIZANDO ROTA,CIRCULAR,1
BL351,BL351,17:17,-25.439915,-49.22223,022,0,3,5,NO HORÁRIO,REALIZANDO ROTA,CIRCULAR,1
PL303,PL303,17:15,-25.491746,-49.293043,022,0,3,2,NO HORÁRIO,REALIZANDO ROTA,CIRCULAR,1
BL600,BL600,17:17,-25.42803,-49.234023,022,0,4,7,ATRASADO,TIPO INCOMPATIVEL,CIRCULAR,1
EL600,EL600,17:17,-25.431128,-49.29278,022,0,4,10,NO HORÁRIO,TIPO INCOMPATIVEL,CIRCULAR,1
GL600,GL600,17:17,-25.458855,-49.302375,022,0,4,1,NO HORÁRIO,TIPO INCOMPATIVEL,CIRCULAR,1
GL698,GL698,17:16,-25.484515,-49.250603,022,0,4,4,NO HORÁRIO,TIPO INCOMPATIVEL,CIRCULAR,1
BL341,BL341,17:14,-25.413923,-49.282445,023,0,3,1,ATRASADO,REALIZANDO ROTA,CIRCULAR,1
BL364,BL364,17:15,-25.425855,-49.242353,023,0,3,3,ADIANTADO,REALIZANDO ROTA,CIRCULAR,1
GL601,GL601,17:17,-25.4397,-49.222088,023,0,4,5,NO HORÁRIO,TIPO INCOMPATIVEL,CIRCULAR,1
BL606,BL606,17:17,-25.442341,-49.307293,023,0,4,9,NO HORÁRIO,TIPO INCOMPATIVEL,CIRCULAR,1
GL695,GL695,17:17,-25.481458,-49.246815,023,0,4,6,ADIANTADO,TIPO INCOMPATIVEL,CIRCULAR,1
BL603,BL603,17:17,-25.407675,-49.254716,023,0,4,2,ADIANTADO,TIPO INCOMPATIVEL,CIRCULAR,1
HB303,HB303,17:17,-25.411018,-49.277783,010,0,15,2-2,NO HORÁRIO,REALIZANDO ROTA,CIRCULAR,1
MT013,MT013,17:17,-25.384493,-49.279711,979,0,3,5,ADIANTADO,REALIZANDO ROTA,CIRCULAR,1
MT010,MT010,17:16,-25.397165,-49.28778,979,0,3,6,ADIANTADO,REALIZANDO ROTA,CIRCULAR,1
BT004,BT004,17:14,-25.402335,-49.327421,979,0,3,2,NO HORÁRIO,REALIZANDO ROTA,CIRCULAR,1
MT009,MT009,17:17,-25.407341,-49.271511,979,0,3,7,ADIANTADO,REALIZANDO ROTA,CIRCULAR,1
MT012,MT012,17:17,-25.439558,-49.237841,979,0,3,9,NO HORÁRIO,REALIZANDO ROTA,CIRCULAR,1
MT008,MT008,17:16,-25.428868,-49.26936,979,1,3,8,ADIANTADO,REALIZANDO ROTA,CIRCULAR,1
BT003,BT003,17:17,-25.446678,-49.258286,979,1,3,10,ADIANTADO,REALIZANDO ROTA,CIRCULAR,1
BT009,BT009,17:16,-25.415328,-49.301373,979,0,3,3,ATRASADO,REALIZANDO ROTA,CIRCULAR,1
BT005,BT005,17:17,-25.385543,-49.275803,979,0,3,4,ADIANTADO,REALIZANDO ROTA,CIRCULAR,1
BT007,BT007,17:16,-25.43208,-49.273813,979,0,3,11,ATRASADO,REALIZANDO ROTA,CIRCULAR,1
BB303,BB303,17:16,-25.42458,-49.2906,979,1,10,12,ADIANTADO,TIPO INCOMPATIVEL,CIRCULAR,1
BC318,BC318,17:17,-25.428126,-49.271428,979,1,10,1,ATRASADO,TIPO INCOMPATIVEL,CIRCULAR,1
BT008,BT008,17:17,-25.414805,-49.280865,REC,0,3,,,,,1
EB608,EB608,17:17,-25.423336,-49.293835,020,1,4,3,NO HORÁRIO,REALIZANDO ROTA,CIRCULAR,1
BB612,BB612,17:17,-25.446823,-49.224251,020,1,4,2,ATRASADO,REALIZANDO ROTA,CIRCULAR,1
BB615,BB615,17:17,-25.394365,-49.272783,020,1,4,5,NO HORÁRIO,REALIZANDO ROTA,CIRCULAR,1
GB611,GB611,17:17,-25.446806,-49.224701,020,1,4,4,ATRASADO,REALIZANDO ROTA,CIRCULAR,1
BB605,BB605,17:17,-25.402255,-49.252678,020,1,4,6,ATRASADO,REALIZANDO ROTA,CIRCULAR,1
BB606,BB606,17:15,-25.479408,-49.297071,020,1,4,1,ATRASADO,REALIZANDO ROTA,CIRCULAR,1
09025,09025,17:16,-25.47255,-49.29442,REC,0,,,,,,1
BL608,BL608,17:17,-25.41479,-49.28084,REC,0,4,,,,,1
HI625,HI625,17:17,-25.53895,-49.307525,REC,1,4,,,,,1
JL340,JL340,17:17,-25.448761,-49.365821,REC,0,3,,,,,1
BI027,BI027,17:17,-25.415213,-49.281241,REC,1,1,,,,,1
00026,00026,17:17,-25.473271,-49.251493,REC,0,,,,,,1
JL329,JL329,17:17,-25.448765,-49.36537,REC,1,3,,,,,1
BI609,BI609,17:17,-25.395393,-49.242661,REC,1,4,,,,,1
MN405,MN405,17:17,-25.419736,-49.294343,REC,1,7,,,,,1
PI307,PI307,17:17,-25.482875,-49.239415,REC,1,3,,,,,1
HL336,HL336,17:17,-25.539685,-49.308638,REC,1,3,,,,,1
JA036,JA036,17:17,-25.449188,-49.365863,REC,1,1,,,,,1
BC002,BC002,17:17,-25.394673,-49.242315,REC,1,1,,,,,1
HI043,HI043,17:16,-25.539018,-49.307786,REC,1,1,,,,,1
HA008,HA008,17:15,-25.539473,-49.307793,REC,1,1,,,,,1
HA605,HA605,17:17,-25.538668,-49.307421,REC,1,4,,,,,1
BL363,BL363,17:17,-25.415765,-49.281156,REC,0,3,,,,,1
EL333,EL333,17:17,-25.467831,-49.255378,REC,1,3,,,,,1
BC004,BC004,17:17,-25.394121,-49.241815,REC,1,1,,,,,1
JC011,JC011,17:17,-25.449523,-49.366978,REC,1,1,,,,,1
00068,00068,17:17,-25.53258,-49.2618,REC,0,,,,,,1
JC317,JC317,17:17,-25.449361,-49.366548,REC,1,3,,,,,1
GI046,GI046,17:17,-25.549281,-49.289968,REC,1,1,,,,,1
01000,01000,17:17,-25.40131,-49.32976,REC,0,,,,,,1
00015,00015,17:17,-25.50624,-49.23518,REC,0,,,,,,1
05048,05048,17:17,-25.40999,-49.2559,REC,0,,,,,,1
07001,07001,17:17,-25.400444,-49.33105,REC,0,,,,,,1
JI852,JI852,17:17,-25.449111,-49.365373,REC,1,7,,,,,1
02028,02028,17:17,-25.43239,-49.26446,REC,0,,,,,,1
HI603,HI603,17:17,-25.538748,-49.30759,REC,0,4,,,,,1
HI030,HI030,17:17,-25.539773,-49.307708,REC,1,1,,,,,1
HC302,HC302,17:09,-25.539995,-49.307718,REC,1,10,,,,,1
00070,00070,17:16,-25.467731,-49.25552,REC,0,,,,,,1
PL309,PL309,17:17,-25.483091,-49.23867,REC,0,3,,,,,1
05045,05045,17:17,-25.415276,-49.260627,REC,0,,,,,,1
HI854,HI854,17:14,-25.540578,-49.308331,REC,1,7,,,,,1
HA024,HA024,17:17,-25.539011,-49.307818,REC,1,1,,,,,1
03030,03030,17:17,-25.46127,-49.28969,REC,0,,,,,,1
HE616,HE616,17:17,-25.537948,-49.306668,REC,0,4,,,,,1
JL603,JL603,17:17,-25.449033,-49.367186,REC,0,4,,,,,1
HL303,HL303,17:17,-25.537711,-49.30691,REC,0,3,,,,,1
EA024,EA024,17:17,-25.468375,-49.254698,REC,1,1,,,,,1
HD252,HD252,17:17,-25.538405,-49.307018,REC,0,5,,,,,1
03032,03032,17:17,-25.4569,-49.28852,REC,0,,,,,,1
03036,03036,17:17,-25.44826,-49.28802,REC,0,,,,,,1
HA023,HA023,17:17,-25.538756,-49.308015,REC,1,1,,,,,1
HL335,HL335,17:16,-25.537281,-49.306826,REC,1,3,,,,,1
HL321,HL321,17:17,-25.537486,-49.307073,REC,0,3,,,,,1
HI016,HI016,17:17,-25.539645,-49.307736,REC,1,1,,,,,1
JL601,JL601,17:17,-25.449288,-49.367296,REC,0,4,,,,,1
HA126,HA126,17:16,-25.538455,-49.307056,REC,1,1,,,,,1
BL312,BL312,17:10,-25.41547,-49.281376,REC,0,3,,,,,1
PA296,PA296,17:17,-25.48271,-49.239538,REC,1,1,,,,,1
BL601,BL601,17:16,-25.41479,-49.280818,REC,0,4,,,,,1
BA277,BA277,17:14,-25.415746,-49.281085,REC,1,1,,,,,1
03023,03023,17:14,-25.44181,-49.26821,REC,0,,,,,,1
HA606,HA606,17:17,-25.53888,-49.307541,REC,1,4,,,,,1
JE708,JE708,17:17,-25.449008,-49.366301,REC,0,5,,,,,1
BI026,BI026,17:17,-25.415203,-49.28052,REC,1,1,,,,,1
BI025,BI025,17:13,-25.415416,-49.281111,REC,1,1,,,,,1
EL336,EL336,17:17,-25.467993,-49.255236,REC,0,3,,,,,1
GI604,GI604,17:17,-25.548585,-49.291556,REC,1,4,,,,,1
HA004,HA004,17:17,-25.539545,-49.307776,REC,1,1,,,,,1
HE602,HE602,17:16,-25.538168,-49.307103,REC,0,4,,,,,1
BA018,BA018,17:16,-25.415326,-49.281275,REC,1,1,,,,,1
HL347,HL347,17:17,-25.54018,-49.307905,REC,0,3,,,,,1
HI608,HI608,17:17,-25.538568,-49.307665,REC,1,4,,,,,1
JI864,JI864,17:17,-25.44928,-49.365338,REC,1,7,,,,,1
HL343,HL343,17:16,-25.537375,-49.30663,REC,1,3,,,,,1
05062,05062,17:17,-25.41052,-49.24828,REC,0,,,,,,1
05061,05061,17:17,-25.38088,-49.22881,REC,0,,,,,,1
KE703,KE703,17:17,-25.482918,-49.238721,REC,0,5,,,,,1
CL600,CL600,17:16,-25.38192,-49.185936,REC,0,4,,,,,1
EA189,EA189,17:17,-25.467925,-49.254468,REC,1,1,,,,,1
BL347,BL347,17:17,-25.41514,-49.281241,REC,0,3,,,,,1
BA017,BA017,17:17,-25.415765,-49.281093,REC,1,1,,,,,1
BL356,BL356,17:17,-25.41543,-49.281195,REC,0,3,,,,,1
JC300,JC300,17:13,-25.44947,-49.366818,REC,1,3,,,,,1
BL334,BL334,17:17,-25.415923,-49.281163,REC,0,3,,,,,1
BI889,BI889,17:14,-25.399418,-49.273901,REC,1,7,,,,,1
HB611,HB611,17:17,-25.538,-49.307286,REC,1,4,,,,,1
GC007,GC007,17:17,-25.54865,-49.292316,REC,1,1,,,,,1
BL358,BL358,17:17,-25.41474,-49.281201,REC,0,3,,,,,1
HC853,HC853,17:17,-25.513698,-49.295258,REC,1,7,,,,,1
GE843,GE843,17:15,-25.548558,-49.291885,REC,0,5,,,,,1
BA039,BA039,17:17,-25.393913,-49.241821,REC,1,1,,,,,1
GC291,GC291,17:16,-25.548965,-49.292195,REC,1,1,,,,,1
00001,00001,17:16,-25.517123,-49.23046,REC,0,,,,,,1
GB607,GB607,17:16,-25.548493,-49.291613,REC,1,4,,,,,1
HB302,HB302,17:17,-25.548813,-49.30445,REC,1,3,,,,,1
GC002,GC002,17:17,-25.54884,-49.292255,REC,1,1,,,,,1
HL304,HL304,17:15,-25.540088,-49.307955,REC,0,3,,,,,1
GL338,GL338,17:17,-25.54928,-49.290325,REC,0,3,,,,,1
03021,03021,17:15,-25.44831,-49.28535,REC,0,,,,,,1
EA019,EA019,17:17,-25.468828,-49.255663,REC,1,1,,,,,1
BC314,BC314,17:15,-25.415403,-49.280951,REC,1,10,,,,,1
GC005,GC005,17:17,-25.55021,-49.290778,REC,1,1,,,,,1
00072,00072,17:17,-25.502193,-49.237199,REC,0,,,,,,1
JB606,JB606,17:17,-25.44928,-49.367135,REC,1,4,,,,,1
HI607,HI607,17:17,-25.538433,-49.306978,REC,0,4,,,,,1
00023,00023,17:17,-25.47594,-49.24996,REC,0,,,,,,1
BL607,BL607,17:17,-25.414763,-49.281053,REC,0,4,,,,,1
03035,03035,17:17,-25.45226,-49.28786,REC,0,,,,,,1
GC010,GC010,17:16,-25.548538,-49.292321,REC,1,1,,,,,1
EB609,EB609,17:17,-25.467805,-49.254936,REC,1,4,,,,,1
EI601,EI601,17:17,-25.468073,-49.254828,REC,1,4,,,,,1
JL338,JL338,17:17,-25.510625,-49.342241,REC,0,3,,,,,1
BT010,BT010,17:16,-25.414758,-49.281005,REC,0,3,,,,,1
JC501,JC501,17:17,-25.449481,-49.366635,REC,1,2,,,,,1
JA032,JA032,17:17,-25.449283,-49.366056,REC,1,1,,,,,1
KE845,KE845,17:17,-25.483581,-49.238941,REC,0,5,,,,,1
00019,00019,17:17,-25.48966,-49.24328,REC,0,,,,,,1
08059,08059,17:17,-25.43397,-49.27703,REC,0,,,,,,1
HE728,HE728,17:16,-25.539343,-49.308205,REC,0,5,,,,,1
HE601,HE601,17:17,-25.538148,-49.30703,REC,0,4,,,,,1
GE694,GE694,17:17,-25.549935,-49.292075,REC,0,4,,,,,1
GC947,GC947,17:17,-25.55045,-49.291918,REC,1,7,,,,,1
02025,02025,17:17,-25.42892,-49.22498,REC,0,,,,,,1
HB600,HB600,17:16,-25.5403,-49.307943,REC,1,4,,,,,1
HB604,HB604,17:17,-25.537955,-49.30748,REC,1,4,,,,,1
GE724,GE724,17:17,-25.549553,-49.290348,REC,0,5,,,,,1
PL306,PL306,17:17,-25.482953,-49.23938,REC,0,3,,,,,1
EA300,EA300,17:17,-25.468298,-49.255765,REC,1,3,,,,,1
09068,09068,17:17,-25.434093,-49.269195,REC,0,,,,,,1
JI018,JI018,17:17,-25.4491,-49.366191,REC,1,1,,,,,1
GE612,GE612,17:17,-25.549486,-49.29067,REC,0,4,,,,,1
CC297,CC297,17:17,-25.381255,-49.1855,REC,1,1,,,,,1
HI612,HI612,17:17,-25.538571,-49.307488,REC,1,4,,,,,1
GA298,GA298,17:17,-25.548163,-49.291456,REC,1,1,,,,,1
00039,00039,17:17,-25.44365,-49.26567,REC,0,,,,,,1
BL342,BL342,17:17,-25.415483,-49.28123,REC,0,3,,,,,1
EL602,EL602,17:17,-25.468553,-49.254661,REC,0,4,,,,,1
HA296,HA296,17:12,-25.539441,-49.307818,REC,1,1,,,,,1
BB302,BB302,17:17,-25.414891,-49.281238,REC,1,10,,,,,1
BI015,BI015,17:16,-25.395671,-49.242818,REC,1,1,,,,,1
GL326,GL326,17:17,-25.549001,-49.29078,REC,0,3,,,,,1
HA199,HA199,17:17,-25.538838,-49.30787,REC,1,1,,,,,1
CI008,CI008,17:16,-25.380481,-49.1851,REC,1,1,,,,,1
GC008,GC008,17:17,-25.54864,-49.292288,REC,1,1,,,,,1
HL600,HL600,17:17,-25.538301,-49.306865,REC,0,4,,,,,1
HE708,HE708,17:17,-25.53896,-49.307298,REC,0,5,,,,,1
HC014,HC014,17:17,-25.538336,-49.307625,REC,1,1,,,,,1
HR804,HR804,17:17,-25.538445,-49.306936,REC,0,4,,,,,1
EL342,EL342,17:17,-25.467935,-49.255323,REC,0,3,,,,,1
GL315,GL315,17:17,-25.548833,-49.290805,REC,0,3,,,,,1
08057,08057,17:17,-25.43134,-49.27877,REC,0,,,,,,1
GL343,GL343,17:17,-25.549163,-49.290685,REC,0,3,,,,,1
GL337,GL337,17:16,-25.510566,-49.34161,REC,0,3,,,,,1
GB605,GB605,17:17,-25.549355,-49.290938,REC,1,4,,,,,1
GE602,GE602,17:15,-25.550123,-49.291791,REC,0,4,,,,,1
EL326,EL326,17:17,-25.467845,-49.255331,REC,1,3,,,,,1
MC079,MC079,17:17,-25.419398,-49.294531,REC,1,1,,,,,1
JI005,JI005,17:17,-25.449178,-49.366191,REC,1,1,,,,,1
BC309,BC309,17:17,-25.414363,-49.281131,REC,1,3,,,,,1
EA206,EA206,17:17,-25.468343,-49.256096,REC,1,1,,,,,1
PL305,PL305,17:17,-25.483131,-49.23878,REC,0,3,,,,,1
HC300,HC300,17:17,-25.539871,-49.30785,REC,0,10,,,,,1
GA178,GA178,17:17,-25.548205,-49.292073,REC,1,1,,,,,1
JI860,JI860,17:16,-25.448636,-49.366188,REC,1,7,,,,,1
HI604,HI604,17:17,-25.538876,-49.307578,REC,1,4,,,,,1
JE702,JE702,17:17,-25.449026,-49.36644,REC,0,5,,,,,1
EA191,EA191,17:17,-25.468023,-49.254363,REC,1,1,,,,,1
BL330,BL330,17:16,-25.415456,-49.281373,REC,0,3,,,,,1
07030,07030,17:17,-25.42835,-49.27325,REC,0,,,,,,1
03040,03040,17:17,-25.44275,-49.28075,REC,0,,,,,,1
PC948,PC948,17:17,-25.482758,-49.238968,REC,1,7,,,,,1
EA012,EA012,17:17,-25.468565,-49.255898,REC,1,1,,,,,1
07027,07027,17:17,-25.42835,-49.27325,REC,0,,,,,,1
HC010,HC010,17:17,-25.538288,-49.307803,REC,1,1,,,,,1
09015,09015,17:17,-25.49943,-49.29604,REC,0,,,,,,1
HL319,HL319,17:17,-25.537591,-49.30701,REC,0,3,,,,,1
MB605,MB605,17:17,-25.419148,-49.29445,REC,1,4,,,,,1
BC009,BC009,17:17,-25.415106,-49.280981,REC,1,1,,,,,1
HE713,HE713,17:16,-25.539111,-49.308248,REC,0,5,,,,,1
02038,02038,17:17,-25.43233,-49.26558,REC,0,,,,,,1
JI019,JI019,17:13,-25.456716,-49.268968,REC,1,1,,,,,1
HI602,HI602,17:17,-25.538405,-49.30759,REC,1,4,,,,,1
06043,06043,17:14,-25.44319,-49.21421,REC,0,,,,,,1
HA006,HA006,17:17,-25.539176,-49.307938,REC,1,1,,,,,1
BC319,BC319,17:17,-25.415116,-49.280953,REC,1,10,,,,,1
CA001,CA001,17:17,-25.381486,-49.18572,REC,0,1,,,,,1
HI627,HI627,17:17,-25.538721,-49.3075,REC,1,4,,,,,1
HA012,HA012,17:17,-25.538973,-49.307908,REC,1,1,,,,,1
BL336,BL336,17:15,-25.414728,-49.281513,REC,0,3,,,,,1
HI038,HI038,17:17,-25.539733,-49.307728,REC,1,1,,,,,1
EA007,EA007,17:17,-25.468616,-49.255851,REC,1,1,,,,,1
JI606,JI606,17:17,-25.44878,-49.366908,REC,1,4,,,,,1
HL315,HL315,17:17,-25.506138,-49.31299,REC,0,3,,,,,1
HE608,HE608,17:17,-25.538208,-49.306906,REC,0,4,,,,,1
HL699,HL699,17:17,-25.538348,-49.306938,REC,0,4,,,,,1
JL320,JL320,17:17,-25.448508,-49.365633,REC,1,3,,,,,1
HI040,HI040,17:17,-25.539661,-49.307721,REC,1,1,,,,,1
KA602,KA602,17:17,-25.482848,-49.239238,REC,1,4,,,,,1
GE720,GE720,17:17,-25.549273,-49.291578,REC,0,5,,,,,1
HA198,HA198,17:17,-25.53882,-49.308015,REC,1,1,,,,,1
HA288,HA288,17:17,-25.539083,-49.307825,REC,1,1,,,,,1
GA003,GA003,17:15,-25.549458,-49.290345,REC,1,1,,,,,1
BL345,BL345,17:17,-25.415835,-49.281241,REC,0,3,,,,,1
HA196,HA196,17:17,-25.539776,-49.307688,REC,1,1,,,,,1
09043,09043,17:17,-25.47651,-49.28021,REC,0,,,,,,1
02036,02036,17:17,-25.41537,-49.26791,REC,0,,,,,,1
03019,03019,17:17,-25.513697,-49.295752,REC,0,,,,,,1
GE719,GE719,17:15,-25.549171,-49.29161,REC,0,5,,,,,1
HL306,HL306,17:16,-25.537646,-49.306946,REC,0,3,,,,,1
BC927,BC927,17:16,-25.415146,-49.280418,REC,1,7,,,,,1
ER802,ER802,17:17,-25.468538,-49.254678,REC,0,4,,,,,1
EL601,EL601,17:17,-25.468588,-49.254651,REC,0,4,,,,,1
BC299,BC299,17:16,-25.415873,-49.281286,REC,1,1,,,,,1
JI602,JI602,17:16,-25.449146,-49.367148,REC,1,4,,,,,1
BD145,BD145,17:16,-25.394986,-49.242461,REC,0,5,,,,,1
GE711,GE711,17:17,-25.549401,-49.29031,REC,0,5,,,,,1
BA022,BA022,17:16,-25.415505,-49.281126,REC,1,1,,,,,1
BE711,BE711,17:14,-25.394845,-49.242811,REC,0,5,,,,,1
GE701,GE701,17:17,-25.549433,-49.291495,REC,0,5,,,,,1
BI016,BI016,17:15,-25.38474,-49.203078,REC,1,1,,,,,1
02084,02084,17:17,-25.547664,-49.260224,REC,0,,,,,,1
JB301,JB301,17:17,-25.449496,-49.36658,REC,1,3,,,,,1
GE605,GE605,17:17,-25.550361,-49.291601,REC,0,4,,,,,1
HE703,HE703,17:17,-25.539713,-49.308043,REC,0,5,,,,,1
GE609,GE609,17:15,-25.548583,-49.291893,REC,0,4,,,,,1
JA301,JA301,17:17,-25.449306,-49.366328,REC,1,3,,,,,1
HA619,HA619,17:17,-25.538708,-49.307635,REC,1,4,,,,,1
HC006,HC006,17:17,-25.538388,-49.307606,REC,1,1,,,,,1
HE614,HE614,17:17,-25.538308,-49.307055,REC,0,4,,,,,1
JA030,JA030,17:17,-25.449231,-49.365771,REC,1,1,,,,,1
GB614,GB614,17:15,-25.54932,-49.291151,REC,1,4,,,,,1
HC502,HC502,17:17,-25.53847,-49.307703,REC,1,2,,,,,1
GB606,GB606,17:17,-25.54892,-49.29144,REC,1,4,,,,,1
EL307,EL307,17:17,-25.467713,-49.255448,REC,0,3,,,,,1
CL698,CL698,17:17,-25.381041,-49.186146,REC,0,4,,,,,1
HI609,HI609,17:17,-25.538948,-49.307366,REC,1,4,,,,,1
JE848,JE848,17:17,-25.449048,-49.36652,REC,0,5,,,,,1
BA019,BA019,17:16,-25.415321,-49.281145,REC,1,1,,,,,1
HL698,HL698,17:17,-25.538448,-49.306856,REC,0,4,,,,,1
HC013,HC013,17:16,-25.539233,-49.308355,REC,1,1,,,,,1
BL355,BL355,17:16,-25.415323,-49.281256,REC,0,3,,,,,1
HE718,HE718,17:13,-25.539498,-49.308808,REC,0,5,,,,,1
HA027,HA027,17:17,-25.539378,-49.307695,REC,1,1,,,,,1
HL601,HL601,17:17,-25.538258,-49.306896,REC,0,4,,,,,1
HA015,HA015,17:12,-25.539541,-49.307635,REC,1,1,,,,,1
KB601,KB601,17:17,-25.48264,-49.239338,REC,1,4,,,,,1
JI298,JI298,17:17,-25.448765,-49.365166,REC,1,1,,,,,1
07025,07025,17:17,-25.42835,-49.27325,REC,0,,,,,,1
BC850,BC850,17:17,-25.415226,-49.280498,REC,1,7,,,,,1
GL699,GL699,17:17,-25.549798,-49.292078,REC,0,4,,,,,1
05047,05047,17:17,-25.41323,-49.25867,REC,0,,,,,,1
EA601,EA601,17:17,-25.467725,-49.255445,REC,1,4,,,,,1
BC308,BC308,17:17,-25.415206,-49.281168,REC,1,3,,,,,1
BL602,BL602,17:14,-25.415436,-49.281383,REC,0,4,,,,,1
HL323,HL323,17:17,-25.537423,-49.307128,REC,0,3,,,,,1
EL338,EL338,17:17,-25.468115,-49.255233,REC,0,3,,,,,1
GA296,GA296,17:17,-25.548185,-49.291568,REC,1,1,,,,,1
HL341,HL341,17:17,-25.537268,-49.306756,REC,1,3,,,,,1
GI023,GI023,17:17,-25.548681,-49.29141,REC,1,1,,,,,1
HA195,HA195,17:12,-25.53895,-49.307981,REC,1,1,,,,,1
JE706,JE706,17:17,-25.449,-49.36636,REC,0,5,,,,,1
GA294,GA294,17:16,-25.550375,-49.29134,REC,1,1,,,,,1
HD246,HD246,17:17,-25.538411,-49.307076,REC,0,5,,,,,1
KE706,KE706,17:17,-25.483065,-49.23862,REC,0,5,,,,,1
PI008,PI008,17:17,-25.483156,-49.239123,REC,1,1,,,,,1
CA299,CA299,17:17,-25.380785,-49.185095,REC,1,1,,,,,1
JB302,JB302,17:17,-25.44953,-49.36677,REC,1,10,,,,,1
03045,03045,17:17,-25.415778,-49.281153,REC,0,,,,,,1
HA030,HA030,17:17,-25.53973,-49.307718,REC,1,1,,,,,1
BA011,BA011,17:17,-25.415228,-49.280743,REC,1,1,,,,,1
JL337,JL337,17:17,-25.448783,-49.365746,REC,0,3,,,,,1
EI011,EI011,17:17,-25.467365,-49.25537,REC,1,1,,,,,1
GD344,GD344,17:17,-25.548565,-49.29193,REC,0,5,,,,,1
EA205,EA205,17:17,-25.46844,-49.255985,REC,1,1,,,,,1
JC015,JC015,17:17,-25.449415,-49.366823,REC,1,1,,,,,1
HE603,HE603,17:17,-25.538126,-49.307175,REC,0,4,,,,,1
GI600,GI600,17:17,-25.549028,-49.291335,REC,1,4,,,,,1
GI610,GI610,17:17,-25.548708,-49.291513,REC,1,4,,,,,1
EL310,EL310,17:17,-25.468153,-49.25531,REC,0,3,,,,,1
05005,05005,17:17,-25.39331,-49.24118,REC,0,,,,,,1
PL487,PL487,17:17,-25.483,-49.23905,REC,0,3,,,,,1
GE841,GE841,17:17,-25.548913,-49.291711,REC,0,5,,,,,1
BB300,BB300,17:16,-25.415161,-49.281135,REC,1,3,,,,,1
HB610,HB610,17:17,-25.537991,-49.307538,REC,1,4,,,,,1
09034,09034,17:17,-25.436006,-49.274452,REC,0,,,,,,1
EL340,EL340,17:17,-25.46794,-49.255316,REC,0,3,,,,,1
HL309,HL309,17:17,-25.537873,-49.307651,REC,0,3,,,,,1
HD250,HD250,17:17,-25.538433,-49.306966,REC,0,5,,,,,1
CI003,CI003,17:13,-25.38124,-49.185766,REC,1,1,,,,,1
BL310,BL310,17:17,-25.415728,-49.28121,REC,0,3,,,,,1
HE705,HE705,17:17,-25.539898,-49.307971,REC,0,5,,,,,1
GA212,GA212,17:16,-25.549923,-49.29121,REC,1,1,,,,,1
EL603,EL603,17:17,-25.468641,-49.25458,REC,0,4,,,,,1
05006,05006,17:16,-25.39347,-49.20439,REC,0,,,,,,1
BC027,BC027,17:17,-25.415575,-49.281053,REC,1,1,,,,,1
GB613,GB613,17:17,-25.549115,-49.291293,REC,1,4,,,,,1
BL610,BL610,17:17,-25.414736,-49.280738,REC,0,4,,,,,1
EA014,EA014,17:17,-25.468866,-49.255663,REC,1,1,,,,,1
BE723,BE723,17:17,-25.394873,-49.242826,REC,0,5,,,,,1
HB698,HB698,17:17,-25.53809,-49.307395,REC,1,4,,,,,1
EA602,EA602,17:17,-25.467758,-49.254995,REC,1,4,,,,,1
PA999,PA999,17:17,-25.482683,-49.239025,REC,1,6,,,,,1
BC010,BC010,17:17,-25.41571,-49.281066,REC,1,1,,,,,1
GE728,GE728,17:17,-25.548713,-49.291828,REC,0,5,,,,,1
HI852,HI852,17:17,-25.53948,-49.307178,REC,1,7,,,,,1
GI300,GI300,17:17,-25.549298,-49.290201,REC,1,3,,,,,1
05041,05041,17:14,-25.42321,-49.2676,REC,0,,,,,,1
MN610,MN610,17:17,-25.418996,-49.294433,REC,1,7,,,,,1
08054,08054,17:17,-25.42953,-49.28374,REC,0,,,,,,1
GR126,GR126,17:17,-25.548551,-49.291598,REC,1,4,,,,,1
GC946,GC946,17:17,-25.550021,-49.291963,REC,1,7,,,,,1
GC004,GC004,17:17,-25.548763,-49.292271,REC,1,1,,,,,1
EL301,EL301,17:17,-25.467466,-49.255313,REC,0,3,,,,,1
GC013,GC013,17:17,-25.548466,-49.29235,REC,1,1,,,,,1
HL602,HL602,17:17,-25.538405,-49.306888,REC,0,4,,,,,1
GD346,GD346,17:17,-25.54937,-49.291463,REC,0,5,,,,,1
09016,09016,17:17,-25.49555,-49.29443,REC,0,,,,,,1
HE606,HE606,17:17,-25.53814,-49.307168,REC,0,4,,,,,1
HD242,HD242,17:17,-25.538386,-49.307113,REC,0,5,,,,,1
JA300,JA300,17:17,-25.449256,-49.365851,REC,1,3,,,,,1
HA124,HA124,17:17,-25.53898,-49.307945,REC,1,1,,,,,1
MC077,MC077,17:17,-25.419321,-49.294625,REC,1,1,,,,,1
BA010,BA010,17:16,-25.41522,-49.280835,REC,1,1,,,,,1
05022,05022,17:17,-25.40651,-49.25221,REC,0,,,,,,1
PI001,PI001,17:17,-25.483528,-49.23871,REC,1,1,,,,,1
JA853,JA853,17:17,-25.449368,-49.365693,REC,1,7,,,,,1
PE838,PE838,17:17,-25.482886,-49.23873,REC,0,5,,,,,1
JI015,JI015,17:17,-25.449313,-49.366045,REC,1,1,,,,,1
GC018,GC018,17:17,-25.549771,-49.291256,REC,1,1,,,,,1
GA210,GA210,17:17,-25.548173,-49.29178,REC,1,1,,,,,1
JI299,JI299,17:17,-25.449183,-49.36617,REC,1,1,,,,,1
EA202,EA202,17:17,-25.468751,-49.255736,REC,1,1,,,,,1
CB602,CB602,17:16,-25.381738,-49.185815,REC,1,4,,,,,1
EE600,EE600,17:17,-25.467661,-49.255043,REC,0,4,,,,,1
BC303,BC303,17:14,-25.50617,-49.312965,REC,1,3,,,,,1
EB606,EB606,17:17,-25.467921,-49.254905,REC,1,4,,,,,1
09002,09002,17:16,-25.47735,-49.32631,REC,0,,,,,,1
GD349,GD349,17:16,-25.54897,-49.29161,REC,0,5,,,,,1
00007,00007,17:17,-25.48245,-49.24689,REC,0,,,,,,1
GA299,GA299,17:17,-25.548198,-49.291405,REC,1,1,,,,,1
KB607,KB607,17:17,-25.483158,-49.239118,REC,1,4,,,,,1
HI605,HI605,17:16,-25.53887,-49.307426,REC,1,4,,,,,1
BL357,BL357,17:17,-25.414848,-49.280706,REC,0,3,,,,,1
GA697,GA697,17:17,-25.54889,-49.291426,REC,1,4,,,,,1
BI858,BI858,17:17,-25.415103,-49.280505,REC,1,7,,,,,1
09023,09023,17:17,-25.48104,-49.2926,REC,0,,,,,,1
HA613,HA613,17:17,-25.538958,-49.307538,REC,1,4,,,,,1
EL345,EL345,17:17,-25.467906,-49.255298,REC,0,3,,,,,1
PE698,PE698,17:17,-25.483141,-49.239243,REC,0,4,,,,,1
GE708,GE708,17:15,-25.548715,-49.291816,REC,0,5,,,,,1
HA615,HA615,17:17,-25.538811,-49.307425,REC,1,4,,,,,1
JA854,JA854,17:17,-25.449161,-49.365721,REC,0,7,,,,,1
HI028,HI028,17:17,-25.538926,-49.30784,REC,1,1,,,,,1
HI622,HI622,17:16,-25.5389,-49.307595,REC,1,4,,,,,1
GC292,GC292,17:17,-25.549008,-49.292221,REC,1,1,,,,,1
HA128,HA128,17:17,-25.539231,-49.307865,REC,1,1,,,,,1
JI013,JI013,17:10,-25.448863,-49.365363,REC,1,1,,,,,1
BL354,BL354,17:17,-25.415798,-49.281108,REC,0,3,,,,,1
HA026,HA026,17:17,-25.538826,-49.307915,REC,1,1,,,,,1
EL308,EL308,17:17,-25.467756,-49.255371,REC,0,3,,,,,1
JL335,JL335,17:17,-25.510665,-49.342228,REC,0,3,,,,,1
I9060,I9060,17:17,-25.548161,-49.29143,REC,0,,,,,,1
HI619,HI619,17:17,-25.539135,-49.307435,REC,1,4,,,,,1
GI051,GI051,17:17,-25.549928,-49.291413,REC,1,1,,,,,1
00004,00004,17:17,-25.500415,-49.238116,REC,0,,,,,,1
EA008,EA008,17:17,-25.468871,-49.255646,REC,1,1,,,,,1
JC019,JC019,17:13,-25.449525,-49.366826,REC,1,1,,,,,1
GE693,GE693,17:17,-25.549848,-49.292048,REC,0,4,,,,,1
BD141,BD141,17:17,-25.395198,-49.242856,REC,0,5,,,,,1
CA600,CA600,17:16,-25.381021,-49.1862,REC,1,4,,,,,1
GI603,GI603,17:16,-25.5493,-49.291245,REC,1,4,,,,,1
05040,05040,17:15,-25.42322,-49.26737,REC,0,,,,,,1
08055,08055,17:17,-25.42949,-49.28457,REC,0,,,,,,1
HE604,HE604,17:17,-25.53828,-49.30728,REC,0,4,,,,,1
HB615,HB615,17:10,-25.538156,-49.307816,REC,1,4,,,,,1
HA194,HA194,17:17,-25.5395,-49.307678,REC,1,1,,,,,1
HI626,HI626,17:17,-25.538828,-49.307625,REC,1,4,,,,,1
BI028,BI028,17:16,-25.41515,-49.281078,REC,1,1,,,,,1
HE605,HE605,17:17,-25.53839,-49.307253,REC,0,4,,,,,1
JI601,JI601,17:16,-25.448825,-49.366893,REC,1,4,,,,,1
HI027,HI027,17:17,-25.539376,-49.307881,REC,1,1,,,,,1
08063,08063,17:17,-25.43621,-49.27189,REC,0,,,,,,1
BC014,BC014,17:17,-25.415015,-49.28088,REC,1,1,,,,,1
HA603,HA603,17:17,-25.538708,-49.307628,REC,1,4,,,,,1
JB612,JB612,17:17,-25.448746,-49.366883,REC,1,4,,,,,1
HC005,HC005,17:17,-25.53821,-49.307705,REC,1,1,,,,,1
EA187,EA187,17:17,-25.468688,-49.25579,REC,1,1,,,,,1
BA013,BA013,17:17,-25.41552,-49.281058,REC,1,1,,,,,1
00025,00025,17:17,-25.47242,-49.25171,REC,0,,,,,,1
00011,00011,17:17,-25.53465,-49.26817,REC,0,,,,,,1
08056,08056,17:17,-25.43136,-49.27884,REC,0,,,,,,1
JA034,JA034,17:17,-25.44875,-49.365285,REC,1,1,,,,,1
HB694,HB694,17:17,-25.538166,-49.307426,REC,1,4,,,,,1
GC014,GC014,17:17,-25.548443,-49.292305,REC,1,1,,,,,1
GL327,GL327,17:17,-25.550215,-49.290851,REC,1,3,,,,,1
EA006,EA006,17:17,-25.468753,-49.255751,REC,1,1,,,,,1
GB604,GB604,17:17,-25.549621,-49.291106,REC,1,4,,,,,1
PC947,PC947,17:17,-25.482736,-49.239078,REC,1,7,,,,,1
08023,08023,17:17,-25.428476,-49.284902,REC,0,,,,,,1
PL483,PL483,17:17,-25.483491,-49.239311,REC,0,3,,,,,1
HA197,HA197,17:17,-25.538778,-49.308051,REC,1,1,,,,,1
GR124,GR124,17:07,-25.549493,-49.291178,REC,1,4,,,,,1
GB301,GB301,17:17,-25.55047,-49.291838,REC,0,15,,,,,1
08058,08058,17:17,-25.43392,-49.2722,REC,0,,,,,,1
GI601,GI601,17:17,-25.549113,-49.291373,REC,1,4,,,,,1
GI026,GI026,17:16,-25.548593,-49.291436,REC,1,1,,,,,1
BL372,BL372,17:17,-25.387303,-49.203303,REC,0,3,,,,,1
GL322,GL322,17:17,-25.549366,-49.290566,REC,0,3,,,,,1
09044,09044,17:17,-25.47743,-49.28501,REC,0,,,,,,1
EL324,EL324,17:17,-25.468103,-49.255235,REC,1,3,,,,,1
GI029,GI029,17:17,-25.548453,-49.29148,REC,1,1,,,,,1
GE735,GE735,17:16,-25.54866,-49.291725,REC,0,5,,,,,1
BA021,BA021,17:16,-25.415773,-49.281095,REC,1,1,,,,,1
05060,05060,17:17,-25.38073,-49.22882,REC,0,,,,,,1
BL344,BL344,17:16,-25.415216,-49.281191,REC,0,3,,,,,1
EE699,EE699,17:17,-25.467568,-49.255141,REC,0,4,,,,,1
HA608,HA608,17:17,-25.539063,-49.307488,REC,1,4,,,,,1
PI308,PI308,17:17,-25.482596,-49.239631,REC,1,3,,,,,1
09026,09026,17:10,-25.46773,-49.29314,REC,0,,,,,,1
BI600,BI600,17:14,-25.414918,-49.280903,REC,1,4,,,,,1
EB601,EB601,17:17,-25.467853,-49.25487,REC,1,4,,,,,1
BE717,BE717,17:15,-25.394943,-49.242348,REC,0,5,,,,,1
EA021,EA021,17:17,-25.468338,-49.255773,REC,1,1,,,,,1
HI012,HI012,17:16,-25.539313,-49.307745,REC,1,1,,,,,1
HC008,HC008,17:17,-25.53841,-49.307808,REC,1,1,,,,,1
09017,09017,17:16,-25.49242,-49.29445,REC,0,,,,,,1
EA186,EA186,17:17,-25.468348,-49.255831,REC,1,1,,,,,1
03037,03037,17:17,-25.44819,-49.28793,REC,0,,,,,,1
HI618,HI618,17:17,-25.538615,-49.307488,REC,1,4,,,,,1
PL312,PL312,17:17,-25.483066,-49.239276,REC,0,3,,,,,1
HA017,HA017,17:17,-25.53905,-49.307815,REC,1,1,,,,,1
09027,09027,17:17,-25.46768,-49.29324,REC,0,,,,,,1
EA199,EA199,17:17,-25.468256,-49.255803,REC,1,1,,,,,1
CI601,CI601,17:17,-25.38058,-49.185806,REC,1,4,,,,,1
HB603,HB603,17:16,-25.537998,-49.30747,REC,1,4,,,,,1
00016,00016,17:14,-25.50725,-49.23473,REC,0,,,,,,1
GE725,GE725,17:17,-25.549956,-49.290953,REC,0,5,,,,,1
BI899,BI899,17:17,-25.393798,-49.242005,REC,1,7,,,,,1
EB605,EB605,17:17,-25.467801,-49.25494,REC,1,4,,,,,1
HI049,HI049,17:17,-25.538888,-49.30795,REC,1,1,,,,,1
BL604,BL604,17:17,-25.415831,-49.281328,REC,0,4,,,,,1
BL346,BL346,17:15,-25.414716,-49.281096,REC,0,3,,,,,1
PL314,PL314,17:17,-25.483311,-49.23942,REC,0,3,,,,,1
06039,06039,17:15,-25.44326,-49.20347,REC,0,,,,,,1
GE601,GE601,17:13,-25.550328,-49.291601,REC,0,4,,,,,1
HE724,HE724,17:16,-25.539658,-49.308443,REC,0,5,,,,,1
GL336,GL336,17:14,-25.549453,-49.290526,REC,0,3,,,,,1
KI002,KI002,17:17,-25.482858,-49.239408,REC,1,1,,,,,1
JC016,JC016,17:17,-25.449486,-49.366791,REC,1,1,,,,,1
JC020,JC020,17:17,-25.449388,-49.36669,REC,1,1,,,,,1
05056,05056,17:17,-25.38888,-49.23616,REC,0,,,,,,1
BL324,BL324,17:17,-25.41555,-49.281101,REC,0,3,,,,,1
HI606,HI606,17:17,-25.53838,-49.307558,REC,1,4,,,,,1
BL359,BL359,17:16,-25.415536,-49.281216,REC,0,3,,,,,1
EA020,EA020,17:17,-25.468945,-49.25559,REC,1,1,,,,,1
GL335,GL335,17:17,-25.50394,-49.236368,REC,0,3,,,,,1
BL317,BL317,17:17,-25.415673,-49.281176,REC,0,3,,,,,1
03013,03013,17:17,-25.513566,-49.295625,REC,0,,,,,,1
GE718,GE718,17:17,-25.549788,-49.291501,REC,0,5,,,,,1
HB602,HB602,17:17,-25.538186,-49.307365,REC,1,4,,,,,1
05032,05032,17:17,-25.41988,-49.26886,REC,0,,,,,,1
HL310,HL310,17:17,-25.537506,-49.306983,REC,0,3,,,,,1
JI600,JI600,17:17,-25.449133,-49.367186,REC,1,4,,,,,1
HB608,HB608,17:17,-25.539658,-49.308713,REC,1,4,,,,,1
00071,00071,17:17,-25.517509,-49.229589,REC,0,,,,,,1
03026,03026,17:17,-25.53573,-49.284706,REC,0,,,,,,1
05068,05068,17:17,-25.4294,-49.27239,REC,0,,,,,,1
BI604,BI604,17:17,-25.395463,-49.242653,REC,1,4,,,,,1
HB697,HB697,17:17,-25.537995,-49.307296,REC,1,4,,,,,1
JC311,JC311,17:17,-25.449338,-49.366845,REC,1,3,,,,,1
HL324,HL324,17:17,-25.537543,-49.306935,REC,0,3,,,,,1
05001,05001,17:17,-25.40652,-49.25306,REC,0,,,,,,1
GA600,GA600,17:17,-25.549001,-49.291385,REC,1,4,,,,,1
GE700,GE700,17:17,-25.549705,-49.291416,REC,0,5,,,,,1
GA293,GA293,17:16,-25.548168,-49.291746,REC,1,1,,,,,1
JL330,JL330,17:17,-25.448665,-49.36589,REC,0,3,,,,,1
BL338,BL338,17:17,-25.41551,-49.281173,REC,0,3,,,,,1
MI001,MI001,17:17,-25.419316,-49.294243,REC,1,1,,,,,1
HL496,HL496,17:17,-25.540495,-49.307995,REC,1,3,,,,,1
05039,05039,17:17,-25.423994,-49.2687,REC,0,,,,,,1
JB604,JB604,17:17,-25.44943,-49.367125,REC,1,4,,,,,1
GB612,GB612,17:14,-25.54961,-49.291115,REC,1,4,,,,,1
09022,09022,17:17,-25.48115,-49.29247,REC,0,,,,,,1
BI872,BI872,17:17,-25.441735,-49.34721,REC,1,7,,,,,1
HI616,HI616,17:13,-25.538626,-49.307143,REC,1,4,,,,,1
BA036,BA036,17:17,-25.41518,-49.28067,REC,1,1,,,,,1
07002,07002,17:17,-25.401553,-49.329706,REC,0,,,,,,1
JB609,JB609,17:17,-25.448858,-49.365211,REC,1,4,,,,,1
JL319,JL319,17:17,-25.448508,-49.366018,REC,0,3,,,,,1
JL328,JL328,17:17,-25.448555,-49.365636,REC,1,3,,,,,1
GA601,GA601,17:17,-25.549461,-49.291185,REC,1,4,,,,,1
PI306,PI306,17:17,-25.482373,-49.239126,REC,1,3,,,,,1
MC851,MC851,17:17,-25.419363,-49.294363,REC,1,7,,,,,1
GE706,GE706,17:17,-25.549201,-49.291606,REC,0,5,,,,,1
HA029,HA029,17:15,-25.53905,-49.307931,REC,1,1,,,,,1
JC309,JC309,17:17,-25.449373,-49.366675,REC,1,3,,,,,1
MB300,MB300,17:17,-25.419658,-49.294005,REC,1,3,,,,,1
HA021,HA021,17:17,-25.539306,-49.307705,REC,1,1,,,,,1
02034,02034,17:17,-25.41758,-49.26859,REC,0,,,,,,1
HL301,HL301,17:17,-25.537613,-49.307096,REC,0,3,,,,,1
KI603,KI603,17:17,-25.4834,-49.239296,REC,1,4,,,,,1
PE844,PE844,17:17,-25.482888,-49.238763,REC,0,5,,,,,1
MR802,MR802,17:17,-25.418963,-49.29439,REC,0,4,,,,,1
BC307,BC307,17:17,-25.415235,-49.281065,REC,1,3,,,,,1
GI854,GI854,17:17,-25.550303,-49.291998,REC,1,7,,,,,1
GI612,GI612,17:14,-25.548706,-49.291548,REC,1,4,,,,,1
02029,02029,17:17,-25.42702,-49.26462,REC,0,,,,,,1
00008,00008,17:17,-25.48171,-49.24728,REC,0,,,,,,1
GA204,GA204,17:17,-25.548195,-49.291798,REC,1,1,,,,,1
HI011,HI011,17:11,-25.53957,-49.30777,REC,1,1,,,,,1
JA022,JA022,17:17,-25.449281,-49.366141,REC,1,1,,,,,1
HL314,HL314,17:17,-25.537626,-49.306965,REC,0,3,,,,,1
GI057,GI057,17:14,-25.54906,-49.292248,REC,1,1,,,,,1
BC015,BC015,17:17,-25.415403,-49.281175,REC,1,1,,,,,1
JA033,JA033,17:17,-25.449133,-49.36527,REC,1,1,,,,,1
EA010,EA010,17:17,-25.468778,-49.255705,REC,1,1,,,,,1
01001,01001,17:17,-25.413252,-49.205974,REC,0,,,,,,1
BA037,BA037,17:17,-25.394086,-49.241771,REC,1,1,,,,,1
BI871,BI871,17:17,-25.394471,-49.242261,REC,1,7,,,,,1
GB601,GB601,17:17,-25.5483,-49.291511,REC,1,4,,,,,1
05059,05059,17:17,-25.449366,-49.366598,REC,0,,,,,,1
BL367,BL367,17:17,-25.415023,-49.28098,REC,0,3,,,,,1
CA603,CA603,17:16,-25.381925,-49.186001,REC,1,4,,,,,1
BL325,BL325,17:17,-25.415788,-49.281266,REC,0,3,,,,,1
BI013,BI013,17:15,-25.394426,-49.217593,REC,1,1,,,,,1
09004,09004,17:17,-25.48396,-49.34993,REC,0,,,,,,1
PE842,PE842,17:17,-25.48293,-49.238746,REC,0,5,,,,,1
GI602,GI602,17:14,-25.549321,-49.291271,REC,1,4,,,,,1
CL304,CL304,17:17,-25.381068,-49.186166,REC,0,3,,,,,1
HA028,HA028,17:17,-25.538691,-49.308073,REC,1,1,,,,,1
BC005,BC005,17:17,-25.41557,-49.281108,REC,1,1,,,,,1
BL353,BL353,17:16,-25.415821,-49.281376,REC,0,3,,,,,1
HA609,HA609,17:16,-25.538598,-49.307673,REC,1,4,,,,,1
KE701,KE701,17:17,-25.483045,-49.23867,REC,0,5,,,,,1
JC305,JC305,17:12,-25.48108,-49.350098,REC,1,3,,,,,1
GC009,GC009,17:17,-25.548601,-49.292296,REC,1,1,,,,,1
PI304,PI304,17:17,-25.483506,-49.238788,REC,1,3,,,,,1
BL300,BL300,17:12,-25.415946,-49.281118,REC,0,3,,,,,1
EL330,EL330,17:17,-25.468431,-49.254648,REC,1,3,,,,,1
BE706,BE706,17:17,-25.395478,-49.242845,REC,0,5,,,,,1
HA614,HA614,17:17,-25.538635,-49.307635,REC,1,4,,,,,1
JA298,JA298,17:17,-25.449248,-49.365895,REC,1,1,,,,,1
MI005,MI005,17:17,-25.419645,-49.294133,REC,1,1,,,,,1
GL339,GL339,17:17,-25.540746,-49.241718,REC,0,3,,,,,1
MA011,MA011,17:17,-25.419576,-49.29416,REC,1,1,,,,,1
HA616,HA616,17:17,-25.540203,-49.307925,REC,1,4,,,,,1
05058,05058,17:17,-25.3851,-49.23283,REC,0,,,,,,1
JI012,JI012,17:17,-25.44932,-49.366268,REC,1,1,,,,,1
GI608,GI608,17:16,-25.549121,-49.291358,REC,1,4,,,,,1
GC001,GC001,17:17,-25.548853,-49.29229,REC,1,1,,,,,1
GL325,GL325,17:17,-25.54919,-49.290606,REC,0,3,,,,,1
GE844,GE844,17:17,-25.549316,-49.291528,REC,0,5,,,,,1
03001,03001,17:17,-25.513566,-49.295625,REC,0,,,,,,1
BI902,BI902,17:17,-25.393866,-49.242123,REC,1,7,,,,,1
GA208,GA208,17:17,-25.548181,-49.291878,REC,1,1,,,,,1
HA013,HA013,17:17,-25.539385,-49.307681,REC,1,1,,,,,1
BI021,BI021,17:17,-25.394236,-49.241535,REC,1,1,,,,,1
05055,05055,17:17,-25.39663,-49.24332,REC,0,,,,,,1
CL302,CL302,17:14,-25.38095,-49.185936,REC,0,3,,,,,1
03056,03056,17:17,-25.44032,-49.271757,REC,0,,,,,,1
09049,09049,17:17,-25.52783,-49.29141,REC,0,,,,,,1
JC018,JC018,17:17,-25.521661,-49.329565,REC,1,1,,,,,1
CL306,CL306,17:17,-25.38126,-49.186218,REC,0,3,,,,,1
JB499,JB499,17:17,-25.449536,-49.366751,REC,1,3,,,,,1
HC306,HC306,17:17,-25.539375,-49.307261,REC,1,10,,,,,1
GI003,GI003,17:17,-25.549281,-49.291008,REC,1,1,,,,,1
CI002,CI002,17:17,-25.38129,-49.185598,REC,1,1,,,,,1
HE719,HE719,17:11,-25.539863,-49.308013,REC,0,5,,,,,1
GE705,GE705,17:17,-25.549061,-49.291636,REC,0,5,,,,,1
GD341,GD341,17:17,-25.549431,-49.291485,REC,0,5,,,,,1
JI002,JI002,17:17,-25.44931,-49.3662,REC,1,1,,,,,1
PL307,PL307,17:17,-25.483135,-49.238793,REC,0,3,,,,,1
HL325,HL325,17:17,-25.537681,-49.306793,REC,0,3,,,,,1
BL304,BL304,17:17,-25.415913,-49.281133,REC,0,3,,,,,1
GR035,GR035,17:17,-25.55029,-49.291623,REC,0,4,,,,,1
JA029,JA029,17:17,-25.449168,-49.365795,REC,1,1,,,,,1
JI851,JI851,17:17,-25.449088,-49.366596,REC,1,7,,,,,1
GI607,GI607,17:17,-25.549083,-49.291353,REC,1,4,,,,,1
GA292,GA292,17:17,-25.548186,-49.291928,REC,1,1,,,,,1
EL317,EL317,17:17,-25.467568,-49.255656,REC,0,3,,,,,1
MB602,MB602,17:17,-25.419553,-49.294141,REC,1,4,,,,,1
JA028,JA028,17:17,-25.449286,-49.365998,REC,1,1,,,,,1
GE722,GE722,17:15,-25.54881,-49.291803,REC,0,5,,,,,1
HI007,HI007,17:17,-25.538471,-49.30692,REC,1,1,,,,,1
03044,03044,17:17,-25.43953,-49.27124,REC,0,,,,,,1
ML308,ML308,17:17,-25.419113,-49.29464,REC,0,3,,,,,1
09020,09020,17:17,-25.4845,-49.2937,REC,0,,,,,,1
HB609,HB609,17:17,-25.537978,-49.307303,REC,1,4,,,,,1
HI613,HI613,17:17,-25.53849,-49.307535,REC,1,4,,,,,1
EA018,EA018,17:17,-25.468298,-49.256093,REC,1,1,,,,,1
JL341,JL341,17:17,-25.448706,-49.365958,REC,0,3,,,,,1
GA002,GA002,17:17,-25.548168,-49.291983,REC,1,1,,,,,1
PI305,PI305,17:17,-25.483281,-49.239136,REC,1,3,,,,,1
JE847,JE847,17:17,-25.449148,-49.366681,REC,0,5,,,,,1
GI019,GI019,17:14,-25.549778,-49.291355,REC,1,1,,,,,1
GE710,GE710,17:17,-25.55006,-49.291696,REC,0,5,,,,,1
CL312,CL312,17:16,-25.380908,-49.18616,REC,0,3,,,,,1
05043,05043,17:17,-25.41948,-49.26454,REC,0,,,,,,1
05002,05002,17:17,-25.4061,-49.25263,REC,0,,,,,,1
BI030,BI030,17:17,-25.41465,-49.280568,REC,1,1,,,,,1
HA604,HA604,17:16,-25.538898,-49.307378,REC,1,4,,,,,1
05057,05057,17:17,-25.38876,-49.23621,REC,0,,,,,,1
JI007,JI007,17:17,-25.46619,-49.290418,REC,1,1,,,,,1
GC016,GC016,17:17,-25.548355,-49.292365,REC,1,1,,,,,1
HI001,HI001,17:17,-25.539286,-49.307748,REC,1,1,,,,,1
GL328,GL328,17:17,-25.549323,-49.290151,REC,1,3,,,,,1
BI896,BI896,17:17,-25.414663,-49.280561,REC,1,7,,,,,1
GC012,GC012,17:17,-25.5485,-49.292323,REC,1,1,,,,,1
BL313,BL313,17:16,-25.415875,-49.281261,REC,0,3,,,,,1
HI299,HI299,17:17,-25.538796,-49.307871,REC,1,1,,,,,1
MC080,MC080,17:17,-25.419266,-49.29459,REC,1,1,,,,,1
CL311,CL311,17:16,-25.381021,-49.186003,REC,0,3,,,,,1
00028,00028,17:17,-25.466702,-49.254597,REC,0,1,,,,,1
EA017,EA017,17:17,-25.468108,-49.255683,REC,1,1,,,,,1
02083,02083,17:17,-25.544579,-49.265876,REC,0,,,,,,1
BC026,BC026,17:16,-25.415185,-49.280943,REC,1,1,,,,,1
JC306,JC306,17:17,-25.44938,-49.366623,REC,1,3,,,,,1
EI017,EI017,17:17,-25.467196,-49.255625,REC,1,1,,,,,1
HL498,HL498,17:17,-25.537201,-49.306926,REC,1,3,,,,,1
09024,09024,17:17,-25.47275,-49.29436,REC,0,,,,,,1
PA285,PA285,17:17,-25.4828,-49.239433,REC,1,1,,,,,1
GC017,GC017,17:17,-25.54834,-49.292385,REC,1,1,,,,,1
BC028,BC028,17:16,-25.41585,-49.281226,REC,1,1,,,,,1
02030,02030,17:17,-25.42712,-49.26476,REC,0,,,,,,1
BI878,BI878,17:17,-25.393756,-49.241935,REC,1,7,,,,,1
DE710,DE710,17:17,-25.549601,-49.291683,REC,0,5,,,,,1
01019,01019,17:16,-25.42835,-49.27325,REC,0,,,,,,1
CC196,CC196,17:17,-25.381043,-49.185505,REC,1,1,,,,,1
HE701,HE701,17:16,-25.53961,-49.308035,REC,0,5,,,,,1
EA192,EA192,17:17,-25.467926,-49.254415,REC,1,1,,,,,1
00003,00003,17:17,-25.516181,-49.231136,REC,0,,,,,,1
05007,05007,17:17,-25.37786,-49.26236,REC,0,,,,,,1
GL346,GL346,17:17,-25.548745,-49.290885,REC,0,3,,,,,1
EB604,EB604,17:17,-25.467906,-49.254778,REC,1,4,,,,,1
BL348,BL348,17:16,-25.414996,-49.28079,REC,0,3,,,,,1
BC006,BC006,17:17,-25.415678,-49.281073,REC,1,1,,,,,1
BB600,BB600,17:17,-25.395116,-49.242655,REC,1,4,,,,,1
00027,00027,17:17,-25.46671,-49.25437,REC,0,,,,,,1
JA035,JA035,17:17,-25.449263,-49.36589,REC,1,1,,,,,1
PE839,PE839,17:17,-25.483073,-49.238685,REC,0,5,,,,,1
GA213,GA213,17:17,-25.548173,-49.291691,REC,1,1,,,,,1
HA310,HA310,17:17,-25.496076,-49.276111,REC,1,3,,,,,1
EB607,EB607,17:17,-25.467845,-49.254968,REC,1,4,,,,,1
GL329,GL329,17:17,-25.549298,-49.290646,REC,1,3,,,,,1
HL340,HL340,17:17,-25.537236,-49.306606,REC,1,3,,,,,1
HR045,HR045,17:17,-25.53957,-49.30867,REC,0,4,,,,,1
09048,09048,17:17,-25.5281,-49.29168,REC,0,,,,,,1
05042,05042,17:17,-25.41936,-49.26455,REC,0,,,,,,1
GD350,GD350,17:17,-25.548826,-49.291773,REC,0,5,,,,,1
00030,00030,17:17,-25.462963,-49.256356,REC,0,,,,,,1
BB305,BB305,17:17,-25.406981,-49.252686,REC,1,10,,,,,1
HA190,HA190,17:17,-25.539503,-49.307581,REC,1,1,,,,,1
HI629,HI629,17:17,-25.539226,-49.307633,REC,1,4,,,,,1
HI624,HI624,17:17,-25.539156,-49.307113,REC,1,4,,,,,1
GE838,GE838,17:17,-25.54955,-49.291408,REC,0,5,,,,,1
09067,09067,17:17,-25.468973,-49.25551,REC,0,,,,,,1
JI603,JI603,17:17,-25.449533,-49.367013,REC,1,4,,,,,1
BI862,BI862,17:14,-25.389315,-49.302706,REC,1,7,,,,,1
HI044,HI044,17:17,-25.540158,-49.308385,REC,1,1,,,,,1
EL341,EL341,17:17,-25.468,-49.25524,REC,0,3,,,,,1
HA191,HA191,17:17,-25.538866,-49.30789,REC,1,1,,,,,1
PL495,PL495,17:17,-25.48358,-49.23915,REC,0,3,,,,,1
GB600,GB600,17:17,-25.54966,-49.291113,REC,1,4,,,,,1
BL609,BL609,17:17,-25.414901,-49.280915,REC,0,4,,,,,1
GL333,GL333,17:15,-25.515131,-49.231025,REC,0,3,,,,,1
EL337,EL337,17:17,-25.54872,-49.290893,REC,0,3,,,,,1
JL332,JL332,17:17,-25.448771,-49.366031,REC,0,3,,,,,1
GA001,GA001,17:14,-25.549831,-49.291395,REC,1,1,,,,,1
HL333,HL333,17:17,-25.537278,-49.30658,REC,1,3,,,,,1
PL484,PL484,17:17,-25.483546,-49.23916,REC,0,3,,,,,1
BI031,BI031,17:16,-25.40202,-49.242775,REC,1,1,,,,,1
BL611,BL611,17:17,-25.414698,-49.280688,REC,0,4,,,,,1
PA281,PA281,17:17,-25.483221,-49.238883,REC,1,1,,,,,1
BC324,BC324,17:17,-25.415315,-49.281251,REC,1,3,,,,,1
HE722,HE722,17:14,-25.539963,-49.307931,REC,0,5,,,,,1
JI014,JI014,17:17,-25.449205,-49.366105,REC,1,1,,,,,1
HA617,HA617,17:17,-25.538595,-49.30749,REC,1,4,,,,,1
BI010,BI010,17:17,-25.394011,-49.24189,REC,1,1,,,,,1
PI309,PI309,17:17,-25.482906,-49.239375,REC,1,3,,,,,1
ML313,ML313,17:17,-25.419648,-49.294061,REC,0,3,,,,,1
GE846,GE846,17:17,-25.549073,-49.291671,REC,0,5,,,,,1
JA297,JA297,17:17,-25.449311,-49.366253,REC,1,1,,,,,1
HI620,HI620,17:17,-25.53912,-49.307468,REC,1,4,,,,,1
BL369,BL369,17:16,-25.415245,-49.281143,REC,0,3,,,,,1
JA031,JA031,17:17,-25.449241,-49.365653,REC,1,1,,,,,1
EL306,EL306,17:17,-25.46753,-49.255695,REC,0,3,,,,,1
02041,02041,17:17,-25.524875,-49.247519,REC,0,,,,,,1
KA601,KA601,17:17,-25.483501,-49.23894,REC,1,4,,,,,1
GI030,GI030,17:17,-25.54844,-49.290771,REC,1,1,,,,,1
BC317,BC317,17:17,-25.415481,-49.281265,REC,1,10,,,,,1
HC001,HC001,17:17,-25.538233,-49.307918,REC,1,1,,,,,1
GA181,GA181,17:17,-25.548153,-49.292075,REC,1,1,,,,,1
JL322,JL322,17:17,-25.51064,-49.341483,REC,1,3,,,,,1
GE702,GE702,17:14,-25.549745,-49.291616,REC,0,5,,,,,1
JL336,JL336,17:17,-25.448783,-49.366171,REC,0,3,,,,,1
HL329,HL329,17:16,-25.537596,-49.30671,REC,1,3,,,,,1
JE704,JE704,17:16,-25.449013,-49.366448,REC,0,5,,,,,1
HE607,HE607,17:17,-25.538478,-49.307221,REC,0,4,,,,,1
HI857,HI857,17:17,-25.538895,-49.307115,REC,1,7,,,,,1
HA607,HA607,17:17,-25.538938,-49.307318,REC,1,4,,,,,1
HB605,HB605,17:14,-25.538008,-49.307466,REC,1,4,,,,,1
GI056,GI056,17:17,-25.549016,-49.292191,REC,1,1,,,,,1
JI003,JI003,17:17,-25.448665,-49.365458,REC,1,1,,,,,1
HD244,HD244,17:16,-25.538421,-49.307001,REC,0,5,,,,,1
03002,03002,17:17,-25.513596,-49.294466,REC,0,,,,,,1
08022,08022,17:16,-25.428253,-49.28478,REC,0,,,,,,1
EL302,EL302,17:17,-25.46748,-49.255695,REC,0,3,,,,,1
HE702,HE702,17:17,-25.539535,-49.30814,REC,0,5,,,,,1
EL316,EL316,17:15,-25.467515,-49.255683,REC,0,3,,,,,1
CI007,CI007,17:17,-25.38143,-49.185685,REC,1,1,,,,,1
KI605,KI605,17:17,-25.483465,-49.238618,REC,1,4,,,,,1
HL313,HL313,17:13,-25.537573,-49.307188,REC,0,3,,,,,1
BL340,BL340,17:16,-25.414851,-49.281201,REC,1,3,,,,,1
JC316,JC316,17:17,-25.449241,-49.365078,REC,1,3,,,,,1
09001,09001,17:16,-25.47727,-49.32782,REC,0,,,,,,1
BE701,BE701,17:10,-25.394808,-49.242861,REC,0,5,,,,,1
BC311,BC311,17:15,-25.415071,-49.28119,REC,1,3,,,,,1
BL326,BL326,17:16,-25.415343,-49.281351,REC,0,3,,,,,1
KA605,KA605,17:17,-25.483571,-49.238803,REC,1,4,,,,,1
BC301,BC301,17:17,-25.415613,-49.281091,REC,1,3,,,,,1
05031,05031,17:17,-25.4199,-49.26904,REC,0,,,,,,1
JC318,JC318,17:15,-25.449296,-49.366981,REC,1,10,,,,,1
BA031,BA031,17:17,-25.394193,-49.241673,REC,1,1,,,,,1
GA602,GA602,17:14,-25.54919,-49.291333,REC,1,4,,,,,1
JI020,JI020,17:17,-25.449173,-49.36601,REC,1,1,,,,,1
HL320,HL320,17:17,-25.537683,-49.306828,REC,0,3,,,,,1
JE710,JE710,17:17,-25.449003,-49.366373,REC,0,5,,,,,1
03053,03053,17:03,-25.471918,-49.285708,REC,0,,,,,,1
BC320,BC320,17:16,-25.41499,-49.280586,REC,1,10,,,,,1
BA020,BA020,17:17,-25.415235,-49.281218,REC,1,1,,,,,1
HC003,HC003,17:17,-25.538325,-49.307758,REC,1,1,,,,,1
MI850,MI850,17:17,-25.419335,-49.294416,REC,1,7,,,,,1
05038,05038,17:17,-25.423686,-49.268395,REC,0,,,,,,1
EE603,EE603,17:17,-25.46761,-49.255176,REC,0,4,,,,,1
07029,07029,17:17,-25.42835,-49.27325,REC,0,,,,,,1
JA299,JA299,17:17,-25.449328,-49.366221,REC,1,1,,,,,1
JE709,JE709,17:16,-25.448425,-49.365498,REC,0,5,,,,,1
GA180,GA180,17:17,-25.548176,-49.292013,REC,1,1,,,,,1
GE847,GE847,17:17,-25.549475,-49.291486,REC,0,5,,,,,1
EE602,EE602,17:17,-25.467648,-49.255171,REC,0,4,,,,,1
JA302,JA302,17:17,-25.44925,-49.365805,REC,1,3,,,,,1
HA019,HA019,17:17,-25.539165,-49.307778,REC,1,1,,,,,1
JI300,JI300,17:17,-25.44914,-49.36528,REC,0,3,,,,,1
JC303,JC303,17:17,-25.449338,-49.366536,REC,1,3,,,,,1
MC303,MC303,17:17,-25.41927,-49.294438,REC,1,3,,,,,1
GC011,GC011,17:17,-25.54851,-49.292316,REC,1,1,,,,,1
GE845,GE845,17:17,-25.549085,-49.291948,REC,0,5,,,,,1
BC932,BC932,17:17,-25.415,-49.280403,REC,1,7,,,,,1
GC006,GC006,17:17,-25.548688,-49.292308,REC,1,1,,,,,1
JI008,JI008,17:17,-25.449203,-49.365986,REC,1,1,,,,,1
00064,00064,17:17,-25.448558,-49.365025,REC,0,,,,,,1
02033,02033,17:17,-25.4179,-49.4179,REC,0,,,,,,1
09042,09042,17:17,-25.539305,-49.307215,REC,0,,,,,,1
GD342,GD342,17:17,-25.549513,-49.291435,REC,0,5,,,,,1
GA297,GA297,17:17,-25.548155,-49.291511,REC,1,1,,,,,1
BC031,BC031,17:17,-25.369485,-49.243663,REC,1,1,,,,,1
03003,03003,17:14,-25.511791,-49.295864,REC,0,,,,,,1
00047,00047,17:17,-25.433758,-49.270597,REC,0,,,,,,1
EA190,EA190,17:16,-25.467988,-49.254408,REC,1,1,,,,,1
JA037,JA037,17:17,-25.449166,-49.365461,REC,1,1,,,,,1
EL339,EL339,17:17,-25.468053,-49.255156,REC,0,3,,,,,1
HB607,HB607,17:17,-25.53785,-49.30733,REC,1,4,,,,,1
GE721,GE721,17:17,-25.549048,-49.291988,REC,0,5,,,,,1
HE600,HE600,17:17,-25.538061,-49.307206,REC,0,4,,,,,1
JB699,JB699,17:15,-25.448973,-49.367181,REC,1,4,,,,,1
EL321,EL321,17:17,-25.468163,-49.255123,REC,1,3,,,,,1
ML312,ML312,17:17,-25.419231,-49.294463,REC,0,3,,,,,1
HA132,HA132,17:14,-25.53937,-49.307821,REC,1,1,,,,,1
GA177,GA177,17:17,-25.548201,-49.292086,REC,1,1,,,,,1
EA198,EA198,17:17,-25.46871,-49.255768,REC,1,1,,,,,1
EI005,EI005,17:11,-25.46716,-49.255558,REC,1,1,,,,,1
CL314,CL314,17:17,-25.431725,-49.231185,REC,0,3,,,,,1
EB602,EB602,17:16,-25.467896,-49.254913,REC,1,4,,,,,1
EA016,EA016,17:17,-25.468351,-49.256075,REC,1,1,,,,,1
BE601,BE601,17:17,-25.395115,-49.24251,REC,0,4,,,,,1
HA611,HA611,17:17,-25.539098,-49.307461,REC,1,4,,,,,1
05008,05008,17:16,-25.37724,-49.26244,REC,0,,,,,,1
JC313,JC313,17:17,-25.4494,-49.36677,REC,1,3,,,,,1
GL334,GL334,17:15,-25.549366,-49.290665,REC,0,3,,,,,1
EL328,EL328,17:17,-25.468411,-49.254651,REC,1,3,,,,,1
BB309,BB309,17:17,-25.415535,-49.28127,REC,1,10,,,,,1
HA602,HA602,17:17,-25.539013,-49.307486,REC,1,4,,,,,1
EA023,EA023,17:17,-25.468588,-49.255905,REC,1,1,,,,,1
HA010,HA010,17:17,-25.539485,-49.30767,REC,1,1,,,,,1
HA618,HA618,17:17,-25.538476,-49.306986,REC,1,4,,,,,1
JL323,JL323,17:17,-25.448791,-49.366141,REC,1,3,,,,,1
GB603,GB603,17:17,-25.548425,-49.29192,REC,1,4,,,,,1
00012,00012,17:17,-25.5341,-49.26715,REC,0,,,,,,1
GE715,GE715,17:17,-25.548953,-49.291716,REC,0,5,,,,,1
HA130,HA130,17:17,-25.539188,-49.307908,REC,1,1,,,,,1
HI017,HI017,17:17,-25.539255,-49.30832,REC,1,1,,,,,1
CL601,CL601,17:16,-25.381135,-49.185171,REC,0,4,,,,,1
MC305,MC305,17:17,-25.419511,-49.294256,REC,1,3,,,,,1
GI609,GI609,17:17,-25.548501,-49.291545,REC,1,4,,,,,1
HE609,HE609,17:17,-25.538205,-49.306995,REC,0,4,,,,,1
HE712,HE712,17:15,-25.539516,-49.308083,REC,0,5,,,,,1
HL334,HL334,17:17,-25.539713,-49.308455,REC,1,3,,,,,1
00009,00009,17:17,-25.4814,-49.24689,REC,0,,,,,,1
BI898,BI898,17:16,-25.415145,-49.28041,REC,1,7,,,,,1
HE610,HE610,17:17,-25.538263,-49.307348,REC,0,4,,,,,1
HL345,HL345,17:15,-25.539975,-49.308458,REC,1,3,,,,,1
EA009,EA009,17:17,-25.468495,-49.255953,REC,1,1,,,,,1
HB699,HB699,17:17,-25.538055,-49.307441,REC,1,4,,,,,1
JL600,JL600,17:17,-25.449036,-49.366933,REC,0,4,,,,,1
JC003,JC003,17:17,-25.449378,-49.366671,REC,1,1,,,,,1
05023,05023,17:17,-25.40693,-49.25272,REC,0,,,,,,1
GE839,GE839,17:17,-25.549653,-49.291428,REC,0,5,,,,,1
HA025,HA025,17:17,-25.53919,-49.30776,REC,1,1,,,,,1
CA010,CA010,17:16,-25.380736,-49.185611,REC,1,1,,,,,1
BE604,BE604,17:17,-25.395465,-49.242695,REC,0,4,,,,,1
BL309,BL309,17:16,-25.415123,-49.28135,REC,0,3,,,,,1
GE716,GE716,17:17,-25.549526,-49.29165,REC,0,5,,,,,1
HI858,HI858,17:17,-25.538855,-49.307091,REC,1,7,,,,,1
HC011,HC011,17:17,-25.53824,-49.307673,REC,1,1,,,,,1
BI867,BI867,17:16,-25.414943,-49.281265,REC,1,7,,,,,1
GI606,GI606,17:17,-25.54936,-49.291205,REC,1,4,,,,,1
HE729,HE729,17:16,-25.539736,-49.30717,REC,0,5,,,,,1
BC313,BC313,17:17,-25.415555,-49.280965,REC,1,10,,,,,1
BC323,BC323,17:17,-25.415228,-49.280691,REC,1,3,,,,,1
JI853,JI853,17:17,-25.449241,-49.365266,REC,1,7,,,,,1
ML306,ML306,17:17,-25.419511,-49.294155,REC,0,3,,,,,1
JA021,JA021,17:17,-25.44911,-49.365818,REC,1,1,,,,,1
PI007,PI007,17:17,-25.482716,-49.239533,REC,1,1,,,,,1
GI605,GI605,17:17,-25.548431,-49.291596,REC,1,4,,,,,1
HE611,HE611,17:17,-25.53818,-49.307083,REC,0,4,,,,,1
GL332,GL332,17:17,-25.549291,-49.28997,REC,0,3,,,,,1
CA012,CA012,17:15,-25.381553,-49.185958,REC,1,1,,,,,1
EA188,EA188,17:17,-25.467983,-49.254386,REC,1,1,,,,,1
BC016,BC016,17:17,-25.415528,-49.281233,REC,1,1,,,,,1
HI020,HI020,17:17,-25.540563,-49.308106,REC,1,1,,,,,1
PE699,PE699,17:16,-25.483571,-49.238865,REC,0,4,,,,,1
BL368,BL368,17:17,-25.431958,-49.230998,REC,0,3,,,,,1
JL321,JL321,17:17,-25.448733,-49.365921,REC,1,3,,,,,1
04024,04024,17:14,-25.449781,-49.28452,REC,0,,,,,,1
EA022,EA022,17:16,-25.468895,-49.25505,REC,1,1,,,,,1
GA179,GA179,17:17,-25.54818,-49.292095,REC,1,1,,,,,1
GB608,GB608,17:16,-25.549423,-49.29117,REC,1,4,,,,,1
EA015,EA015,17:17,-25.46839,-49.25608,REC,1,1,,,,,1
EL344,EL344,17:17,-25.467873,-49.255325,REC,0,3,,,,,1
BE725,BE725,17:17,-25.395038,-49.242316,REC,0,5,,,,,1
GL697,GL697,17:17,-25.54975,-49.292055,REC,0,4,,,,,1
GC293,GC293,17:17,-25.548851,-49.292238,REC,1,1,,,,,1
00018,00018,17:17,-25.49625,-49.24008,REC,0,,,,,,1
BL305,BL305,17:17,-25.415128,-49.28098,REC,0,3,,,,,1
HI033,HI033,17:17,-25.539246,-49.307723,REC,1,1,,,,,1
JA699,JA699,17:17,-25.449281,-49.367093,REC,1,4,,,,,1
HE613,HE613,17:17,-25.538428,-49.307118,REC,0,4,,,,,1
BC007,BC007,17:15,-25.415486,-49.280936,REC,0,1,,,,,1
GL324,GL324,17:17,-25.548946,-49.290703,REC,0,3,,,,,1
CL303,CL303,17:09,-25.38114,-49.186031,REC,0,3,,,,,1
EA600,EA600,17:17,-25.467721,-49.25502,REC,1,4,,,,,1
BC851,BC851,17:17,-25.394043,-49.242216,REC,1,7,,,,,1
00069,00069,17:17,-25.53246,-49.26183,REC,0,,,,,,1
BB301,BB301,17:16,-25.415275,-49.281106,REC,1,3,,,,,1
EA200,EA200,17:16,-25.468266,-49.256171,REC,1,1,,,,,1
HB616,HB616,17:17,-25.538516,-49.308143,REC,1,4,,,,,1
03022,03022,17:17,-25.44981,-49.28466,REC,0,,,,,,1
EA699,EA699,17:17,-25.467778,-49.254956,REC,1,4,,,,,1
CI004,CI004,17:17,-25.3812,-49.185691,REC,1,1,,,,,1
BA023,BA023,17:17,-25.415911,-49.281066,REC,1,1,,,,,1
JB608,JB608,17:17,-25.449051,-49.36715,REC,1,4,,,,,1
08024,08024,17:17,-25.450123,-49.353613,REC,0,,,,,,1
HL322,HL322,17:17,-25.537648,-49.307001,REC,0,3,,,,,1
JI021,JI021,17:17,-25.449175,-49.366073,REC,1,1,,,,,1
HC301,HC301,17:16,-25.540046,-49.307643,REC,1,10,,,,,1
BB611,BB611,17:17,-25.395395,-49.242643,REC,1,4,,,,,1
HE615,HE615,17:16,-25.539541,-49.308616,REC,0,4,,,,,1
HB601,HB601,17:17,-25.538023,-49.307248,REC,1,4,,,,,1
GR123,GR123,17:17,-25.549433,-49.2912,REC,1,4,,,,,1
HA005,HA005,17:14,-25.539286,-49.307846,REC,1,1,,,,,1
09069,09069,17:17,-25.434,-49.26928,REC,0,,,,,,1
BL605,BL605,17:17,-25.41469,-49.280746,REC,0,4,,,,,1
CI006,CI006,17:16,-25.380551,-49.18517,REC,1,1,,,,,1
GI032,GI032,17:17,-25.54919,-49.290413,REC,1,1,,,,,1
BC001,BC001,17:17,-25.415565,-49.281116,REC,1,1,,,,,1
HI611,HI611,17:17,-25.53849,-49.307568,REC,1,4,,,,,1
PA286,PA286,17:17,-25.483248,-49.238625,REC,1,1,,,,,1
00002,00002,17:17,-25.516136,-49.23025,REC,0,,,,,,1
03033,03033,17:17,-25.45685,-49.29861,REC,0,,,,,,1
03027,03027,17:17,-25.54807,-49.291826,REC,0,,,,,,1
JE705,JE705,17:17,-25.449046,-49.366538,REC,0,5,,,,,1
GR034,GR034,17:17,-25.55057,-49.291725,REC,0,4,,,,,1
BC033,BC033,17:17,-25.387396,-49.321495,REC,1,1,,,,,1
03060,03060,17:17,-25.49635,-49.27047,REC,0,,,,,,1
JC601,JC601,17:17,-25.449151,-49.367195,REC,1,4,,,,,1
05044,05044,17:17,-25.416009,-49.261549,REC,0,,,,,,1
02035,02035,17:17,-25.41577,-49.26627,REC,0,,,,,,1
03034,03034,17:17,-25.45236,-49.28788,REC,0,,,,,,1
EA013,EA013,17:17,-25.467273,-49.255221,REC,1,1,,,,,1
EL320,EL320,17:17,-25.467815,-49.255378,REC,1,3,,,,,1
CL308,CL308,17:17,-25.380915,-49.185845,REC,0,3,,,,,1
09021,09021,17:13,-25.48441,-49.29372,REC,0,,,,,,1
HA022,HA022,17:17,-25.538593,-49.30795,REC,1,1,,,,,1
HC012,HC012,17:17,-25.538286,-49.307651,REC,1,1,,,,,1
GL330,GL330,17:17,-25.549138,-49.2907,REC,1,3,,,,,1
GA207,GA207,17:17,-25.548155,-49.291896,REC,1,1,,,,,1
BC022,BC022,17:17,-25.415618,-49.281073,REC,1,1,,,,,1
EB603,EB603,17:17,-25.467918,-49.254813,REC,1,4,,,,,1
BL311,BL311,17:17,-25.415208,-49.281265,REC,0,3,,,,,1
EA698,EA698,17:17,-25.467791,-49.254946,REC,1,4,,,,,1
BL318,BL318,17:17,-25.415741,-49.281145,REC,0,3,,,,,1
HC002,HC002,17:17,-25.538401,-49.30773,REC,1,1,,,,,1
GL341,GL341,17:17,-25.549078,-49.290188,REC,0,3,,,,,1
GE734,GE734,17:17,-25.548883,-49.291786,REC,0,5,,,,,1
BL308,BL308,17:16,-25.41579,-49.281058,REC,0,3,,,,,1
GI001,GI001,17:14,-25.549358,-49.291003,REC,1,1,,,,,1
BC020,BC020,17:15,-25.415653,-49.281075,REC,1,1,,,,,1
BC322,BC322,17:17,-25.415003,-49.280643,REC,1,3,,,,,1
JL324,JL324,17:17,-25.448615,-49.366066,REC,1,3,,,,,1
09032,09032,17:17,-25.436245,-49.273444,REC,0,,,,,,1
HA192,HA192,17:17,-25.538861,-49.307985,REC,1,1,,,,,1
BI864,BI864,17:17,-25.415101,-49.280451,REC,1,7,,,,,1
BC312,BC312,17:17,-25.41467,-49.281036,REC,1,10,,,,,1
EA203,EA203,17:14,-25.468671,-49.25582,REC,1,1,,,,,1
PI850,PI850,17:17,-25.4827,-49.239155,REC,1,7,,,,,1
KI606,KI606,17:17,-25.48349,-49.238633,REC,1,4,,,,,1
CL300,CL300,17:17,-25.38096,-49.185898,REC,0,3,,,,,1
09902,09902,17:16,-25.55019,-49.291311,REC,0,,,,,,1
JC009,JC009,17:16,-25.449536,-49.36688,REC,1,1,,,,,1
BL366,BL366,17:17,-25.414583,-49.281163,REC,0,3,,,,,1
HI601,HI601,17:17,-25.539015,-49.307491,REC,1,4,,,,,1
BB308,BB308,17:16,-25.414463,-49.281161,REC,1,10,,,,,1
PL301,PL301,17:17,-25.48274,-49.238773,REC,0,3,,,,,1
BL370,BL370,17:17,-25.415033,-49.280458,REC,0,3,,,,,1
BC310,BC310,17:16,-25.41498,-49.28043,REC,1,3,,,,,1
PL488,PL488,17:17,-25.483186,-49.239356,REC,0,3,,,,,1
EA211,EA211,17:17,-25.468315,-49.255741,REC,1,1,,,,,1
GN608,GN608,17:17,-25.550061,-49.291848,REC,1,7,,,,,1
GL319,GL319,17:17,-25.54899,-49.2907,REC,0,3,,,,,1
CL602,CL602,17:14,-25.381716,-49.185883,REC,0,4,,,,,1
JL602,JL602,17:17,-25.449358,-49.367105,REC,0,4,,,,,1
BI863,BI863,17:17,-25.394263,-49.242016,REC,1,7,,,,,1
HA020,HA020,17:16,-25.539351,-49.307835,REC,1,1,,,,,1
GR036,GR036,17:17,-25.550483,-49.291733,REC,0,4,,,,,1
BC315,BC315,17:17,-25.510753,-49.341728,REC,1,10,,,,,1
KE705,KE705,17:17,-25.482855,-49.23877,REC,0,5,,,,,1
HI009,HI009,17:17,-25.539538,-49.307805,REC,1,1,,,,,1
HL305,HL305,17:17,-25.537538,-49.30706,REC,0,3,,,,,1
JE846,JE846,17:17,-25.449051,-49.36649,REC,0,5,,,,,1
00017,00017,17:17,-25.49621,-49.24015,REC,0,,,,,,1
EL313,EL313,17:17,-25.46751,-49.255555,REC,0,3,,,,,1
GE607,GE607,17:17,-25.550498,-49.291703,REC,0,4,,,,,1
BI020,BI020,17:17,-25.395581,-49.242921,REC,1,1,,,,,1
KI601,KI601,17:17,-25.482955,-49.238645,REC,1,4,,,,,1
00024,00024,17:17,-25.477026,-49.24965,REC,0,,,,,,1
05024,05024,17:17,-25.40675,-49.25248,REC,0,,,,,,1
PE840,PE840,17:17,-25.482546,-49.23922,REC,0,5,,,,,1
CL301,CL301,17:16,-25.381255,-49.186166,REC,0,3,,,,,1
EA025,EA025,17:17,-25.468941,-49.255593,REC,1,1,,,,,1
HI630,HI630,17:17,-25.538828,-49.307431,REC,1,4,,,,,1
CC194,CC194,17:17,-25.381573,-49.185395,REC,1,1,,,,,1
KE707,KE707,17:17,-25.435118,-49.273468,REC,0,5,,,,,1
HI010,HI010,17:17,-25.53983,-49.307701,REC,1,1,,,,,1
GE600,GE600,17:17,-25.55015,-49.291731,REC,0,4,,,,,1
GB602,GB602,17:17,-25.549558,-49.290963,REC,1,4,,,,,1
BA014,BA014,17:17,-25.41567,-49.281085,REC,1,1,,,,,1
EI010,EI010,17:17,-25.469003,-49.25501,REC,1,1,,,,,1
BC321,BC321,17:15,-25.415188,-49.280745,REC,1,3,,,,,1
HA193,HA193,17:17,-25.538456,-49.308016,REC,1,1,,,,,1
BC300,BC300,17:15,-25.415345,-49.281246,REC,1,3,,,,,1
JL339,JL339,17:17,-25.448778,-49.365936,REC,0,3,,,,,1
GC015,GC015,17:17,-25.548376,-49.292333,REC,1,1,,,,,1
GL321,GL321,17:17,-25.549325,-49.290343,REC,0,3,,,,,1
GE695,GE695,17:13,-25.549878,-49.292051,REC,0,4,,,,,1
09045,09045,17:17,-25.47776,-49.28511,REC,0,,,,,,1
09011,09011,17:17,-25.468278,-49.255445,REC,0,,,,,,1
GL323,GL323,17:17,-25.549198,-49.29064,REC,0,3,,,,,1
HC007,HC007,17:17,-25.538366,-49.307751,REC,1,1,,,,,1
EA002,EA002,17:17,-25.468791,-49.255703,REC,1,1,,,,,1
HI600,HI600,17:17,-25.539005,-49.307281,REC,1,4,,,,,1
HA011,HA011,17:17,-25.53923,-49.307871,REC,1,1,,,,,1
04022,04022,17:17,-25.4327,-49.2653,REC,0,,,,,,1
HE709,HE709,17:16,-25.539438,-49.30809,REC,0,5,,,,,1
HA016,HA016,17:15,-25.539303,-49.307888,REC,1,1,,,,,1
BI890,BI890,17:16,-25.415035,-49.280825,REC,1,7,,,,,1
GA209,GA209,17:17,-25.548165,-49.291711,REC,1,1,,,,,1
05049,05049,17:17,-25.40931,-49.25508,REC,0,,,,,,1
HL312,HL312,17:17,-25.537675,-49.30682,REC,0,3,,,,,1
BB304,BB304,17:15,-25.511028,-49.341765,REC,1,10,,,,,1
HA014,HA014,17:05,-25.539088,-49.307923,REC,1,1,,,,,1
HE707,HE707,17:17,-25.539283,-49.308188,REC,0,5,,,,,1
GA698,GA698,17:17,-25.548798,-49.291448,REC,1,4,,,,,1
CI600,CI600,17:16,-25.381121,-49.185336,REC,1,4,,,,,1
HA007,HA007,17:15,-25.539533,-49.307848,REC,1,1,,,,,1
GE736,GE736,17:16,-25.54906,-49.29164,REC,0,5,,,,,1
BB310,BB310,17:17,-25.415081,-49.281178,REC,1,10,,,,,1
HB606,HB606,17:17,-25.538616,-49.307073,REC,1,4,,,,,1
HC303,HC303,17:17,-25.539901,-49.307746,REC,1,10,,,,,1
GI024,GI024,17:17,-25.548606,-49.291408,REC,1,1,,,,,1
GE703,GE703,17:15,-25.549011,-49.291668,REC,0,5,,,,,1
GE731,GE731,17:16,-25.549706,-49.291641,REC,0,5,,,,,1
09003,09003,17:15,-25.447347,-49.32785,REC,0,,,,,,1
BC029,BC029,17:13,-25.394245,-49.242225,REC,1,1,,,,,1
PI302,PI302,17:17,-25.482525,-49.239646,REC,1,3,,,,,1
HA031,HA031,17:16,-25.538663,-49.308121,REC,1,1,,,,,1
MB301,MB301,17:16,-25.419791,-49.29446,REC,1,3,,,,,1
BL329,BL329,17:14,-25.415575,-49.2813,REC,0,3,,,,,1
HL493,HL493,17:17,-25.537738,-49.30679,REC,1,3,,,,,1
MA013,MA013,17:17,-25.419603,-49.29392,REC,1,1,,,,,1
09005,09005,17:16,-25.483854,-49.350415,REC,0,,,,,,1
HL346,HL346,17:17,-25.5377,-49.306815,REC,1,3,,,,,1
GL348,GL348,17:17,-25.549078,-49.290266,REC,0,3,,,,,1
GI028,GI028,17:17,-25.55007,-49.290298,REC,1,1,,,,,1
PC946,PC946,17:17,-25.48274,-49.23909,REC,1,7,,,,,1
PL302,PL302,17:12,-25.482993,-49.238743,REC,0,3,,,,,1
GL331,GL331,17:15,-25.467905,-49.255793,REC,0,3,,,,,1
05037,05037,17:17,-25.39115,-49.25815,REC,0,,,,,,1
00020,00020,17:17,-25.49067,-49.24284,REC,0,,,,,,1
HL316,HL316,17:17,-25.537508,-49.306948,REC,0,3,,,,,1
CL313,CL313,17:17,-25.381248,-49.185878,REC,0,3,,,,,1
BA028,BA028,17:17,-25.393998,-49.241736,REC,1,1,,,,,1
09070,09070,17:12,-25.434188,-49.269148,REC,0,,,,,,1
GI038,GI038,17:17,-25.549425,-49.290166,REC,1,1,,,,,1
PL304,PL304,17:11,-25.482991,-49.23873,REC,0,3,,,,,1
GE611,GE611,17:17,-25.550101,-49.291733,REC,0,4,,,,,1
BB498,BB498,17:14,-25.39535,-49.242878,REC,1,3,,,,,1
PL313,PL313,17:17,-25.48275,-49.238953,REC,0,3,,,,,1
BA025,BA025,17:04,-25.394248,-49.241535,REC,1,1,,,,,1
BE724,BE724,17:17,-25.395478,-49.242865,REC,0,5,,,,,1
MA012,MA012,17:15,-25.419045,-49.294603,REC,1,1,,,,,1
JB613,JB613,17:12,-25.44864,-49.366788,REC,1,4,,,,,1
BD135,BD135,17:03,-25.395296,-49.243013,REC,0,5,,,,,1
BE700,BE700,17:17,-25.394875,-49.242876,REC,0,5,,,,,1
GE608,GE608,17:17,-25.550198,-49.291621,REC,0,4,,,,,1
KI604,KI604,17:08,-25.483585,-49.238836,REC,1,4,,,,,1
BB601,BB601,17:14,-25.39506,-49.242455,REC,1,4,,,,,1
BD140,BD140,17:17,-25.395533,-49.242855,REC,0,5,,,,,1
BB604,BB604,17:17,-25.405425,-49.25168,REC,1,4,,,,,1
HL331,HL331,17:17,-25.537496,-49.306916,REC,1,3,,,,,1
BI003,BI003,17:17,-25.394,-49.241861,REC,1,1,,,,,1
BD139,BD139,17:14,-25.394998,-49.242438,REC,0,5,,,,,1
PL311,PL311,17:13,-25.483585,-49.2387,REC,0,3,,,,,1
09050,09050,17:13,-25.548711,-49.291313,REC,0,,,,,,1
BI012,BI012,17:15,-25.394106,-49.241598,REC,1,1,,,,,1
PA284,PA284,17:17,-25.482771,-49.23947,REC,1,1,,,,,1
BI895,BI895,17:11,-25.437936,-49.336771,832,1,7,1,NO HORÁRIO,REALIZANDO ROTA,IDA,1
BI029,BI029,17:16,-25.435811,-49.308691,816,1,1,2,ADIANTADO,REALIZANDO ROTA,IDA,1
HI034,HI034,17:15,-25.533501,-49.300381,646,1,1,1,NO HORÁRIO,REALIZANDO ROTA,IDA,1
BI888,BI888,17:13,-25.429035,-49.270195,266,1,7,1,NÃO CONFORMIDADE,INDETERMINADA,IDA,1
EA005,EA005,17:17,-25.51834,-49.255335,522,1,1,1,NO HORÁRIO,REALIZANDO ROTA,IDA,1
EI002,EI002,17:17,-25.482385,-49.245268,515,1,1,1,NO HORÁRIO,REALIZANDO ROTA,IDA,1
EI014,EI014,17:10,-25.532638,-49.254098,533,1,1,1,NO HORÁRIO,REALIZANDO ROTA,IDA,1
BI891,BI891,17:09,-25.371753,-49.254066,244,1,7,1,ATRASADO,REALIZANDO ROTA,VOLTA,1
PI005,PI005,17:09,-25.449873,-49.205183,323,1,1,1,NO HORÁRIO,REALIZANDO ROTA,CIRCULAR,1
ML314,ML314,17:17,-25.428256,-49.28473,X46,0,3,1,NO HORÁRIO,REALIZANDO ROTA,VOLTA,1
HI036,HI036,17:05,-25.561311,-49.334631,655,1,1,1,ADIANTADO,REALIZANDO ROTA,IDA,1
MN605,MN605,17:15,-25.401428,-49.334543,948,1,7,1,ATRASADO,REALIZANDO ROTA,VOLTA,1
BI873,BI873,17:17,-25.376521,-49.22479,236,1,7,1,NO HORÁRIO,REALIZANDO ROTA,VOLTA,1
JI854,JI854,17:13,-25.471123,-49.354506,722,1,7,1,NO HORÁRIO,REALIZANDO ROTA,IDA,1
